地点コード,測定年月日,地点名称(漢字),水域名称(漢字),類型,測定時刻,採取位置,採取水深,調査機関,天候,気温,水温,全水深,流量(河川),平均流速(河川),透明度（湖沼・海域,透視度(河川･湖沼),ｐＨ,ＤＯ,ＢＯＤ,ＣＯＤ,ＳＳ,大腸菌群数,n-ヘキサン抽出物質,全窒素,全リン,全亜鉛,ノニルフェノール,ＬＡＳ,カドミウム,全シアン,鉛,六価クロム,砒素,総水銀,アルキル水銀,ＰＣＢ,ジクロロメタン,四塩化炭素,１、２-ジクロロエタン,１、１-ジクロロエチレン,シス-１、２-ジクロロエチレン,１、１、１-トリクロロエタン,１、１、２-トリクロロエタン,トリクロロエチレン,テトラクロロエチレン,１、３-ジクロロプロペン,チウラム,シマジン,チオベンカルブ,ベンゼン,セレン,ふっ素,亜硝酸性窒素,硝酸性窒素,ほう素,硝酸性窒素及び亜硝酸性窒素,１、４-ジオキサン,フェノール類,銅,溶解性鉄,溶解性マンガン,クロム,ＥＰＮ,アンモニア性窒素,溶解性ＣＯＤ,リン酸性リン,プランクトン総数,クロロフィルａ,ＴＯＣ,ＤＯＣ,電気伝導率,塩分量(海域),塩化物イオン,陰イオン界面活性剤,アンチモン,ニッケル,トリハロメタン生成能,クロロホルム生成能,ブロモジクロロメタン生成能,ジブロモクロロメタン生成能,ブロモホルム生成能,クロロホルム,トランス-1、2-ジクロロエチレン,１、２-ジクロロプロパン,p-ジクロロベンゼン,イソキサチオン,ダイアジノン,フェニトロチオン,イソプロチオラン,オキシン銅,クロロタロニル,プロピザミド,ジクロルボス,フェノブカルブ,イプロベンホス,クロルニトロフェン,トルエン,キシレン,フタル酸ジエチルへキシル,モリブデン,塩化ビニルモノマー,エピクロロヒドリン,全マンガン,ウラン,フェノール,ホルムアルデヒド,４-ｔ-オクチルフェノール,アニリン,２、４-ジクロロフェノール
10920,20170425,粟倉橋,小糸川上流,B,1124,流心（中央）,0.15,千葉県,晴れ,23.1,16.2,0.76,0.37,0.08,,>30.0,8.2,9.4,0.8,5.2,2,7.00E+02,,1.2,0.24,,,,,,,,,,,,,,,,,,,,,,,,,,,,,,,,,,,,,,,,,,,,5.9,,45,,,,,,,,,,,,,,,,,,,,,,,,,,,,,,,,,,,,,,
10920,20170515,粟倉橋,小糸川上流,B,842,流心（中央）,0.17,千葉県,薄曇り,19.6,16.3,0.87,0.72,0.14,,>30.0,8.2,8.3,1.1,6.4,2,4.90E+03,,1.3,0.2,0.003,,,<0.0003,<0.1,<0.001,<0.005,0.001,<0.0005,,<0.0005,<0.002,<0.0002,<0.0004,<0.01,<0.004,<0.1,<0.0006,<0.001,<0.001,<0.0002,<0.0006,<0.0003,<0.002,<0.001,<0.001,0.14,0.04,0.78,0.1,0.72,<0.005,,,,,,,0.13,,,,,6.5,,36,,14,,,,,,,,,,,,,,,,,,,,,,,,,,,,,,,,,,,,
10920,20170607,粟倉橋,小糸川上流,B,936,流心（中央）,0.14,千葉県,晴れ,23.9,17.8,0.73,0.19,0.04,,>30.0,8.2,8.7,0.7,6,2,2.20E+03,,1.1,0.28,,,,,,,,,,,,,,,,,,,,,,,,,,,,,,,,,,,,,,,,,,,,4.7,,49,,,,,,,,,,,,,,,,,,,,,,,,,,,,,,,,,,,,,,
10920,20170713,粟倉橋,小糸川上流,B,845,流心（中央）,0.15,千葉県,晴れ,30.4,24.1,0.79,0.78,0.17,,>30.0,8.2,7.8,1.3,7.1,3,3.30E+03,,0.89,0.13,0.001,,,,,,,,,,,,,,,,,,,,,,,,,,,0.03,0.49,,0.52,,<0.005,<0.01,0.2,<0.1,<0.02,,0.04,,,,,7.5,,33,,20,<0.05,<0.002,<0.001,,,,,,,,,,,,,,,,,,,,,,,,<0.007,,,0.03,<0.0002,,,,,
10920,20170810,粟倉橋,小糸川上流,B,1218,流心（中央）,0.15,千葉県,曇り,31.9,25.6,0.77,0.39,0.07,,>30.0,8.2,7.3,0.8,6.4,3,4.90E+03,,1.3,0.26,,,,,,,,,,,,,,,,,,,,,,,,,,,,,,,,,,,,,,,,,,,,10,,47,,,,,,,,,,,,,,,,,,,,,,,,,,,,,,,,,,,,,,
10920,20170905,粟倉橋,小糸川上流,B,1123,流心（中央）,0.13,千葉県,曇り,25.6,20.6,0.65,0.15,0.03,,>30.0,8.3,7.8,2.8,6.8,4,2.20E+04,,1.5,0.31,,,,,,,,,,,,,,,,,,,,,,,,,,,,0.05,1,,1,,,,,,,,,,,,,4.2,,52,,,,,,,,,,,,,,,,,,,,,,,,,,,,,,,,,,,,,,
10920,20171011,粟倉橋,小糸川上流,B,908,流心（中央）,0.16,千葉県,晴れ,27.9,19.6,0.8,3.05,0.41,,>30.0,7.9,8.5,0.8,8.1,9,7.00E+03,,0.8,0.063,,,,,,,,,,,,,,,,,,,,,,,,,,,,,,,,,,,,,,,,,,,,6.3,,20,,,,,,,,,,,,,,,,,,,,,,,,,,,,,,,,,,,,,,
10920,20171127,粟倉橋,小糸川上流,B,925,流心（中央）,0.21,千葉県,晴れ,14.9,11.5,1.05,,,,>30.0,7.9,10,0.9,5.9,8,1.30E+04,,0.68,0.06,0.002,,,<0.0003,<0.1,0.004,<0.005,<0.001,<0.0005,,,<0.002,<0.0002,<0.0004,<0.01,<0.004,<0.1,<0.0006,<0.001,<0.001,<0.0002,<0.0006,<0.0003,<0.002,<0.001,<0.001,<0.08,<0.03,0.34,<0.1,0.37,<0.005,,,,,,,0.05,,,,,5.2,,19,,13,,,,,,,,,,,,,,,,,,,,,,,,,,,,,,,,,,,,
10920,20171207,粟倉橋,小糸川上流,B,1350,流心（中央）,0.15,千葉県,晴れ,15.6,10,0.77,,,,>30.0,8.1,10,0.7,4.5,<1,7.90E+02,,1,0.2,,,,,,,,,,,,,,,,,,,,,,,,,,,,,,,,,,,,,,,,,,,,3.2,,37,,,,,,,,,,,,,,,,,,,,,,,,,,,,,,,,,,,,,,
10920,20180116,粟倉橋,小糸川上流,B,1332,流心（中央）,0.2,千葉県,晴れ,12.1,7.8,1.04,,,,>30.0,8.2,11,0.9,4.6,<1,1.40E+02,,0.91,0.16,0.002,,,,,,,,,,,,,,,,,,,,,,,,,,,<0.03,0.56,,0.59,,,,,,,,0.12,,,,,2.8,,34,,16,<0.05,,,,,,,,,,,,,,,,,,,,,,,,,,,,,,,,,,,
10920,20180207,粟倉橋,小糸川上流,B,930,流心（中央）,0.19,千葉県,晴れ,5.4,4.8,0.98,,,,>30.0,8.1,11,0.8,4.8,<1,3.30E+02,,0.93,0.14,,,,,,,,,,,,,,,,,,,,,,,,,,,,,,,,,,,,,,,,,,,,3.2,,35,,,,,,,,,,,,,,,,,,,,,,,,,,,,,,,,,,,,,,
10920,20180306,粟倉橋,小糸川上流,B,915,流心（中央）,0.17,千葉県,曇り,9.9,9.2,0.85,,,,>30.0,7.9,10,1.3,6.8,7,1.70E+03,,0.69,0.06,,,,,,,,,,,,,,,,,,,,,,,,,,,,<0.03,0.34,,0.37,,,,,,,,,,,,,3.6,,21,,,,,,,,,,,,,,,,,,,,,,,,,,,,,,,,,,,,,,
10930,20170515,八千代橋,小糸川下流,C,915,流心（中央）,0.09,千葉県,曇り,19,16.3,0.48,1.25,0.43,,>30.0,8.1,8.4,1.1,5.1,7,2.20E+04,,1.1,0.17,0.003,,,,,,,,,,,,,,,,,,,,,,,,,,,0.03,0.61,,0.64,,,,,,,,,,,,,5.6,,,,,,,,,,,,,,,,,,,,,,,,,,,,,,,,,,,,,,,,
10930,20170713,八千代橋,小糸川下流,C,913,流心（中央）,0.08,千葉県,晴れ,32.6,23.3,0.44,1.43,0.47,,>30.0,8.2,7.4,1.5,5.8,6,3.30E+03,,0.88,0.18,0.002,,,,,,,,,,,,,,,,,,,,,,,,,,,<0.03,0.53,,0.56,,,,,,,,,,,,,5.7,,,,,,,,,,,,,,,,,,,,,,,,,,,,,,,,,,,,,,,,
10930,20171107,八千代橋,小糸川下流,C,1315,流心（中央）,0.12,千葉県,快晴,23.2,15.6,0.64,4.32,0.79,,>30.0,8,8.7,1.1,5.1,11,1.70E+03,,0.72,0.095,0.003,,,,,,,,,,,,,,,,,,,,,,,,,,,<0.03,0.45,,0.48,,,,,,,,,,,,,3.7,,,,,,,,,,,,,,,,,,,,,,,,,,,,,,,,,,,,,,,,
10930,20180116,八千代橋,小糸川下流,C,1304,流心（中央）,0.12,千葉県,晴れ,13.7,10.9,0.6,0.82,0.4,,>30.0,8.1,10,1,3.5,2,7.90E+02,,0.89,0.17,0.001,,,,,,,,,,,,,,,,,,,,,,,,,,,0.03,0.54,,0.57,,,,,,,,,,,,,2.4,,,,,,,,,,,,,,,,,,,,,,,,,,,,,,,,,,,,,,,,
10940,20170425,人見橋,小糸川下流,C,1018,流心（中央）,0.2,千葉県,晴れ,21,17.9,1.04,0.16,0,,>30.0,7.9,8.3,0.8,3.6,7,,,0.9,0.12,,,,,,,,,,,,,,,,,,,,,,,,,,,,,,,,,,,,,,,,,,,,3.4,,3000,,,,,,,,,,,,,,,,,,,,,,,,,,,,,,,,,,,,,,
10940,20170515,人見橋,小糸川下流,C,1003,流心（中央）,0.22,千葉県,曇り,23.5,18.4,1.13,10.2,0.13,,>30.0,7.8,6.5,0.8,6.2,7,3.50E+04,,1.1,0.14,0.006,<0.00006,<0.0006,<0.0003,<0.1,<0.001,<0.005,0.001,<0.0005,,<0.0005,<0.002,<0.0002,<0.0004,<0.01,<0.004,<0.1,<0.0006,<0.001,<0.001,<0.0002,<0.0006,<0.0003,<0.002,<0.001,<0.001,0.54,<0.03,0.4,,0.43,<0.005,,,,,,,0.25,,,,,5.5,,1700,,8500,,,,,,,,,,,,,,,,,,,,,,,,,,,,,,,,,,,,
10940,20170607,人見橋,小糸川下流,C,822,流心（中央）,0.29,千葉県,晴れ,22.7,20.9,1.49,3.45,0.07,,>30.0,7.8,5.3,0.9,3.8,4,,,0.73,0.12,,,,,,,,,,,,,,,,,,,,,,,,,,,,,,,,,,,,,,,,,,,,4.4,,3400,,,,,,,,,,,,,,,,,,,,,,,,,,,,,,,,,,,,,,
10940,20170713,人見橋,小糸川下流,C,1241,流心（中央）,0.27,千葉県,晴れ,31.7,28.7,1.39,1.73,0.03,,>30.0,8,5.7,1.9,3.8,10,4.90E+02,,0.47,0.13,0.014,,,,,,,,,,,,,,,,,,,,,,,,,,,<0.03,0.05,,0.08,,<0.005,0.01,<0.1,<0.1,<0.02,,0.16,,,,,5.2,,4300,,16000,<0.05,,,,,,,,,,,,,,,,,,,,,,,,,,,,,,,,,,,
10940,20170810,人見橋,小糸川下流,C,950,流心（中央）,0.39,千葉県,曇り,27.7,27.1,1.96,7.01,0.08,,>30.0,7.7,3.8,1.1,5,7,,,0.93,0.16,,,,,,,,,,,,,,,,,,,,,,,,,,,,,,,,,,,,,,,,,,,,7.7,,2700,,,,,,,,,,,,,,,,,,,,,,,,,,,,,,,,,,,,,,
10940,20170905,人見橋,小糸川下流,C,825,流心（中央）,0.25,千葉県,曇り,23.5,21.8,1.25,4.85,0.08,,>30.0,7.8,6.2,2.6,5,7,,,1.2,0.21,,,,,,,,,,,,,,,,,,,,,,,,,,,,0.04,0.59,,0.63,,,,,,,,,,,,,3.9,,1500,,,,,,,,,,,,,,,,,,,,,,,,,,,,,,,,,,,,,,
10940,20171011,人見橋,小糸川下流,C,1007,流心（中央）,0.46,千葉県,晴れ,29.3,21.7,2.3,11.9,0.09,,>30.0,7.8,7.3,0.5,5.1,6,,,0.92,0.11,,,,,,,,,,,,,,,,,,,,,,,,,,,,,,,,,,,,,,,,,,,,4.2,,1200,,,,,,,,,,,,,,,,,,,,,,,,,,,,,,,,,,,,,,
10940,20171107,人見橋,小糸川下流,C,1135,流心（中央）,0.52,千葉県,快晴,24.1,16.6,2.63,16.8,0.18,,>30.0,7.8,8.9,0.5,4.5,4,1.70E+04,,0.93,0.11,0.008,<0.00006,0.014,<0.0003,<0.1,<0.001,<0.005,0.001,<0.0005,,,<0.002,<0.0002,<0.0004,<0.01,<0.004,<0.1,<0.0006,<0.001,<0.001,<0.0002,<0.0006,<0.0003,<0.002,<0.001,<0.001,0.15,<0.03,0.62,,0.65,<0.005,,,,,,,0.09,,,,,3.5,,480,,1500,,,,,,,,,,,,,,,,,,,,,,,,,,,,,,,,,,,,
10940,20171207,人見橋,小糸川下流,C,905,流心（中央）,0.61,千葉県,晴れ,9.6,10.2,3.05,14.3,0.1,,>30.0,7.9,9.9,1.2,4.1,1,,,1.2,0.19,,,,,,,,,,,,,,,,,,,,,,,,,,,,,,,,,,,,,,,,,,,,2.2,,720,,,,,,,,,,,,,,,,,,,,,,,,,,,,,,,,,,,,,,
10940,20180116,人見橋,小糸川下流,C,809,流心（中央）,0.52,千葉県,晴れ,3.9,7.3,2.62,5.04,0.05,,>30.0,7.9,10,1.4,3.6,3,7.90E+03,,0.89,0.11,0.005,,,,,,,,,,,,,,,,,,,,,,,,,,,0.03,0.51,,0.54,,,,,,,,0.16,,,,,2.7,,1900,,7500,<0.05,,,,,,,,,,,,,,,,,,,,,,,,,,,,,,,,,,,
10940,20180207,人見橋,小糸川下流,C,1221,流心（中央）,0.34,千葉県,晴れ,12.1,9.8,1.72,4.62,0.05,,>30.0,7.9,9.8,0.6,3.6,1,,,1.2,0.14,,,,,,,,,,,,,,,,,,,,,,,,,,,,,,,,,,,,,,,,,,,,2.6,,1300,,,,,,,,,,,,,,,,,,,,,,,,,,,,,,,,,,,,,,
10940,20180306,人見橋,小糸川下流,C,1035,流心（中央）,0.28,千葉県,曇り,11.6,11.7,1.42,11.7,0.16,,20,7.8,9.6,1.3,7.6,31,,,1.1,0.16,,,,,,,,,,,,,,,,,,,,,,,,,,,,0.03,0.55,,0.58,,,,,,,,,,,,,4.7,,560,,,,,,,,,,,,,,,,,,,,,,,,,,,,,,,,,,,,,,
10950,20170515,平川橋,矢那川,,1056,流心（中央）,0.1,千葉県,曇り,20.1,17.8,0.54,0.3,0.06,,>30.0,8,9.2,1.6,4.5,8,1.70E+04,,1.3,0.092,0.004,,,,,,,,,,,,,,,,,,,,,,,,,,,<0.03,0.86,,0.89,,,,,,,,,,,,,4.8,,,,,,,,,,,,,,,,,,,,,,,,,,,,,,,,,,,,,,,,
10950,20170713,平川橋,矢那川,,1034,流心（中央）,0.1,千葉県,晴れ,31.7,26.5,0.53,0.11,0.02,,>30.0,8.1,7.6,2.7,4.4,16,1.30E+05,,1.2,0.11,0.005,,,,,,,,,,,,,,,,,,,,,,,,,,,0.04,0.7,,0.74,,,,,,,,,,,,,6,,,,,,,,,,,,,,,,,,,,,,,,,,,,,,,,,,,,,,,,
10950,20171107,平川橋,矢那川,,1400,流心（中央）,0.14,千葉県,快晴,23.3,16.9,0.73,0.84,0.14,,>30.0,8,9.7,0.9,2.7,3,2.20E+04,,1.8,0.042,0.002,,,,,,,,,,,,,,,,,,,,,,,,,,,<0.03,1.4,,1.5,,,,,,,,,,,,,2.5,,,,,,,,,,,,,,,,,,,,,,,,,,,,,,,,,,,,,,,,
10950,20180116,平川橋,矢那川,,1152,流心（中央）,0.13,千葉県,晴れ,12.7,8.4,0.65,0.25,0.04,,>30.0,8,12,1.2,2.7,2,3.50E+03,,1.5,0.055,0.003,,,,,,,,,,,,,,,,,,,,,,,,,,,<0.03,1.1,,1.2,,,,,,,,,,,,,1.8,,,,,,,,,,,,,,,,,,,,,,,,,,,,,,,,,,,,,,,,
10960,20170515,富士見橋,矢那川,,1121,流心（中央）,0.14,千葉県,曇り,19.1,19,0.7,0.67,0.09,,>30.0,7.8,7.2,1,5.6,17,3.50E+05,,1.3,0.13,0.007,,,<0.0003,<0.1,0.001,<0.005,0.001,<0.0005,,,<0.002,<0.0002,<0.0004,<0.01,<0.004,<0.1,<0.0006,<0.001,<0.001,<0.0002,<0.0006,<0.0003,<0.002,<0.001,<0.001,0.36,0.03,0.64,,0.67,,,,,,,,0.26,,,,,5,,1400,,4800,,,,,,,,,,,,,,,,,,,,,,,,,,,,,,,,,,,,
10960,20170713,富士見橋,矢那川,,1155,流心（中央）,0.1,千葉県,晴れ,34.5,31.7,0.53,0.16,0.02,,>30.0,7.8,7.4,1.9,5.4,9,1.30E+04,,0.96,0.19,0.009,,,,,,,,,,,,,,,,,,,,,,,,,,,0.03,0.21,,0.24,,<0.005,0.01,<0.1,0.4,<0.02,,0.34,,,,,6.1,,2700,,9800,<0.05,,,,,,,,,,,,,,,,,,,,,,,,,,,,,,,,,,,
10960,20171107,富士見橋,矢那川,,1035,流心（中央）,0.41,千葉県,快晴,21.6,16.5,2.08,2.09,0.07,,>30.0,7.8,9,0.6,2.8,2,1.30E+04,,1.7,0.063,0.006,,,<0.0003,<0.1,<0.001,<0.005,<0.001,<0.0005,,,<0.002,<0.0002,<0.0004,<0.01,<0.004,<0.1,<0.0006,<0.001,<0.001,<0.0002,<0.0006,<0.0003,<0.002,<0.001,<0.001,0.14,<0.03,1.3,,1.3,,,,,,,,0.15,,,,,2.5,,490,,1400,,,,,,,,,,,,,,,,,,,,,,,,,,,,,,,,,,,,
10960,20180116,富士見橋,矢那川,,905,流心（中央）,0.32,千葉県,晴れ,11.8,7.2,1.61,1.24,0.05,,>30.0,7.8,9.9,1.5,3.1,2,3.30E+03,,1.6,0.088,0.007,,,,,,,,,,,,,,,,,,,,,,,,,,,0.04,0.97,,1,,,,,,,,0.29,,,,,3,,860,,3000,0.05,,,,,,,,,,,,,,,,,,,,,,,,,,,,,,,,,,,
10970,20170425,岩田橋,小櫃川上流,A,920,流心（中央）,0.21,千葉県,晴れ,20.1,15.8,1.05,1.9,0.23,,>30.0,7.9,9.6,0.8,4.4,9,3.30E+03,,0.79,0.11,,,,,,,,,,,,,,,,,,,,,,,,,,,,,,,,,,,,,,,,,,,,4.2,,27,,,,,,,,,,,,,,,,,,,,,,,,,,,,,,,,,,,,,,
10970,20170515,岩田橋,小櫃川上流,A,910,流心（中央）,0.22,千葉県,曇り,16.7,16.6,1.11,2.99,0.29,,>30.0,7.9,8.5,1.5,6.4,13,7.90E+04,,1,0.13,0.007,,,<0.0003,<0.1,<0.001,<0.005,0.001,<0.0005,,<0.0005,<0.002,<0.0002,<0.0004,<0.01,<0.004,<0.1,<0.0006,<0.001,<0.001,<0.0002,<0.0006,<0.0003,<0.002,<0.001,<0.001,0.1,0.03,0.54,<0.1,0.57,<0.005,,,,,,,0.1,,,,,5.6,,22,,9,,,,,,,,,,,,,,,,,,,,,,,,,,,,,,,,,,,,
10970,20170607,岩田橋,小櫃川上流,A,1150,流心（中央）,0.19,千葉県,曇り,23,19,0.95,2.28,0.24,,>30.0,8.1,9.3,0.7,5.2,7,1.40E+03,,0.73,0.12,,,,,,,,,,,,,,,,,,,,,,,,,,,,,,,,,,,,,,,,,,,,4.8,,26,,,,,,,,,,,,,,,,,,,,,,,,,,,,,,,,,,,,,,
10970,20170713,岩田橋,小櫃川上流,A,1438,流心（中央）,0.12,千葉県,晴れ,32.9,27.1,0.6,2.29,0.23,,>30.0,8.2,8.2,1.8,5.2,11,1.70E+03,,0.61,0.11,0.005,,,,,,,,,,,,,,,,,,,,,,,,,,,<0.03,0.25,,0.28,,<0.005,<0.01,0.1,<0.1,<0.02,,<0.03,,,,,6.3,,28,,13,<0.05,,,,,,,,,,,,,,,,,,,,,,,,,,,,,,,,,,,
10970,20170810,岩田橋,小櫃川上流,A,857,流心（中央）,0.21,千葉県,曇り,27.3,24.7,1.07,2.64,0.28,,>30.0,8.1,7.2,1,5,6,7.90E+03,,0.81,0.15,,,,,,,,,,,,,,,,,,,,,,,,,,,,,,,,,,,,,,,,,,,,8.3,,27,,,,,,,,,,,,,,,,,,,,,,,,,,,,,,,,,,,,,,
10970,20170905,岩田橋,小櫃川上流,A,845,流心（中央）,0.21,千葉県,曇り,21.5,19.1,1.08,2.65,0.28,,>30.0,8,8.1,2.5,5.9,13,9.40E+04,,0.97,0.2,,,,,,,,,,,,,,,,,,,,,,,,,,,,<0.03,0.58,,0.61,,,,,,,,,,,,,4.4,,27,,,,,,,,,,,,,,,,,,,,,,,,,,,,,,,,,,,,,,
10970,20171026,岩田橋,小櫃川上流,A,951,流心（中央）,0.27,千葉県,晴れ,17.2,15.4,1.35,5.1,0.47,,20,7.8,9.3,1.2,6.4,34,1.70E+04,,0.84,0.099,,,,,,,,,,,,,,,,,,,,,,,,,,,,,,,,,,,,,,,,,,,,6.2,,21,,,,,,,,,,,,,,,,,,,,,,,,,,,,,,,,,,,,,,
10970,20171120,岩田橋,小櫃川上流,A,1123,流心（中央）,0.25,千葉県,曇り,10.4,10.7,1.26,3.23,0.32,,>30.0,7.7,10,0.7,4.4,12,3.30E+03,,0.72,0.095,0.002,,,<0.0003,<0.1,<0.001,<0.005,0.001,<0.0005,,,<0.002,<0.0002,<0.0004,<0.01,<0.004,<0.1,<0.0006,<0.001,<0.001,<0.0002,<0.0006,<0.0003,<0.002,<0.001,<0.001,0.09,<0.03,0.42,<0.1,0.45,<0.005,,,,,,,0.07,,,,,4.9,,23,,10,,,,,,,,,,,,,,,,,,,,,,,,,,,,,,,,,,,,
10970,20171207,岩田橋,小櫃川上流,A,925,流心（中央）,0.22,千葉県,快晴,6.9,9,1.11,2.61,0.3,,>30.0,7.9,10,1,3.1,10,7.90E+02,,0.8,0.1,,,,,,,,,,,,,,,,,,,,,,,,,,,,,,,,,,,,,,,,,,,,2.1,,26,,,,,,,,,,,,,,,,,,,,,,,,,,,,,,,,,,,,,,
10970,20180116,岩田橋,小櫃川上流,A,916,流心（中央）,0.21,千葉県,晴れ,5.9,6.5,1.05,0.94,0.11,,>30.0,7.9,11,0.8,2.9,1,1.10E+03,,0.75,0.093,0.003,,,,,,,,,,,,,,,,,,,,,,,,,,,<0.03,0.5,,0.53,,,,,,,,0.08,,,,,2.3,,29,,11,<0.05,,,,,,,,,,,,,,,,,,,,,,,,,,,,,,,,,,,
10970,20180207,岩田橋,小櫃川上流,A,921,流心（中央）,0.22,千葉県,晴れ,4.4,6.7,1.13,1.28,0.12,,>30.0,8.1,11,0.8,3.2,1,7.90E+02,,0.58,0.075,,,,,,,,,,,,,,,,,,,,,,,,,,,,,,,,,,,,,,,,,,,,2,,29,,,,,,,,,,,,,,,,,,,,,,,,,,,,,,,,,,,,,,
10970,20180306,岩田橋,小櫃川上流,A,940,流心（中央）,0.33,千葉県,曇り,8.9,9,1.69,12.4,0.77,,28,7.9,11,1.6,5.8,18,7.90E+03,,0.78,0.069,,,,,,,,,,,,,,,,,,,,,,,,,,,,<0.03,0.34,,0.37,,,,,,,,,,,,,3.3,,26,,,,,,,,,,,,,,,,,,,,,,,,,,,,,,,,,,,,,,
10975,20170515,門生橋,小櫃川上流,A,955,流心（中央）,0.13,千葉県,曇り,17.3,15.5,0.27,0.3,0.26,,>30.0,8.1,9.6,0.6,4.5,<1,4.90E+03,,0.63,0.055,0.002,,,,,,,,,,,,,,,,,,,,,,,,,,,<0.03,0.36,,0.39,,,,,,,,,,,,,4.1,,,,,,,,,,,,,,,,,,,,,,,,,,,,,,,,,,,,,,,,
10975,20170713,門生橋,小櫃川上流,A,1036,流心（中央）,0.07,千葉県,晴れ,27.6,25.3,0.14,0.08,0.08,,>30.0,8.5,9.1,1.6,3.8,1,1.30E+03,,0.49,0.084,<0.001,,,,,,,,,,,,,,,,,,,,,,,,,,,<0.03,0.14,,0.17,,,,,,,,,,,,,7.3,,,,,,,,,,,,,,,,,,,,,,,,,,,,,,,,,,,,,,,,
10975,20171120,門生橋,小櫃川上流,A,1104,流心（中央）,0.09,千葉県,曇り,8.2,8.2,0.19,0.33,0.51,,>30.0,8.1,11,<0.5,2.9,<1,2.30E+03,,0.41,0.047,0.005,,,,,,,,,,,,,,,,,,,,,,,,,,,<0.03,0.23,,0.26,,,,,,,,,,,,,3.9,,,,,,,,,,,,,,,,,,,,,,,,,,,,,,,,,,,,,,,,
10975,20180116,門生橋,小櫃川上流,A,1026,流心（中央）,0.05,千葉県,晴れ,8.3,4.5,0.11,0.11,0.19,,>30.0,8.2,12,<0.5,2.2,<1,7.90E+02,,0.5,0.062,0.001,,,,,,,,,,,,,,,,,,,,,,,,,,,<0.03,0.32,,0.35,,,,,,,,,,,,,1,,,,,,,,,,,,,,,,,,,,,,,,,,,,,,,,,,,,,,,,
10980,20170425,小櫃橋,小櫃川下流,B,840,流心（中央）,0.15,千葉県,晴れ,19.4,17.1,0.79,0.86,0.03,,>30.0,7.8,7.7,1.3,4.5,8,3.30E+02,,0.93,0.098,,,,,,,,,,,,,,,,,,,,,,,,,,,,,,,,,,,,,,,,,,,,3.5,,47,,,,,,,,,,,,,,,,,,,,,,,,,,,,,,,,,,,,,,
10980,20170515,小櫃橋,小櫃川下流,B,1232,流心（中央）,0.14,千葉県,曇り,26.1,20.6,0.72,2.98,0.15,,>30.0,7.9,7.4,1.7,7.1,8,4.90E+03,,1.3,0.18,0.003,<0.00006,0.001,<0.0003,<0.1,<0.001,<0.005,0.001,<0.0005,,<0.0005,<0.002,<0.0002,<0.0004,<0.01,<0.004,<0.1,<0.0006,<0.001,<0.001,<0.0002,<0.0006,<0.0003,<0.002,<0.001,<0.001,0.16,0.03,0.56,<0.1,0.59,<0.005,,,,,,,0.13,,,,,6.4,,28,,25,,,,,,,,,,,,,,,,,,,,,,,,,,,,,,,,,,,,
10980,20170607,小櫃橋,小櫃川下流,B,800,流心（中央）,0.14,千葉県,晴れ,23.1,22.6,0.72,3.69,0.18,,>30.0,7.9,4.8,1.6,4.8,7,7.90E+02,,0.42,0.12,,,,,,,,,,,,,,,,,,,,,,,,,,,,,,,,,,,,,,,,,,,,5,,370,,,,,,,,,,,,,,,,,,,,,,,,,,,,,,,,,,,,,,
10980,20170713,小櫃橋,小櫃川下流,B,1104,流心（中央）,0.18,千葉県,晴れ,32.6,30.3,0.94,6.54,0.21,,>30.0,8,6.4,2.1,4.9,6,1.70E+03,,0.5,0.16,0.006,,,,,,,,,,,,,,,,,,,,,,,,,,,<0.03,0.1,,0.13,,<0.005,<0.01,<0.1,0.1,<0.02,,0.04,,,,,6.7,,890,,2700,<0.05,,,,,,,,,,,,,,,,,,,,,,,,,,,,,,,,,,,
10980,20170810,小櫃橋,小櫃川下流,B,1056,流心（中央）,0.17,千葉県,曇り,29.4,27.8,0.85,4.92,0.17,,>30.0,7.8,4.6,1,4.4,8,7.90E+03,,0.82,0.18,,,,,,,,,,,,,,,,,,,,,,,,,,,,,,,,,,,,,,,,,,,,7.6,,100,,,,,,,,,,,,,,,,,,,,,,,,,,,,,,,,,,,,,,
10980,20170905,小櫃橋,小櫃川下流,B,918,流心（中央）,0.18,千葉県,曇り,24.1,22.2,0.93,8.46,0.31,,>30.0,8,7.8,3.1,4.6,14,7.00E+04,,1.1,0.17,,,,,,,,,,,,,,,,,,,,,,,,,,,,<0.03,0.69,,0.72,,,,,,,,,,,,,3.2,,30,,,,,,,,,,,,,,,,,,,,,,,,,,,,,,,,,,,,,,
10980,20171026,小櫃橋,小櫃川下流,B,1340,流心（中央）,0.24,千葉県,晴れ,19.6,16.3,1.2,7.77,0.24,,14,7.8,9.7,1.1,6,59,7.90E+04,,1.1,0.12,,,,,,,,,,,,,,,,,,,,,,,,,,,,,,,,,,,,,,,,,,,,6.4,,23,,,,,,,,,,,,,,,,,,,,,,,,,,,,,,,,,,,,,,
10980,20171120,小櫃橋,小櫃川下流,B,905,流心（中央）,0.26,千葉県,曇り,6.2,9.7,1.33,13.3,0.34,,>30.0,7.9,10,1,3.8,10,4.90E+03,,1.1,0.093,0.003,<0.00006,0.0092,<0.0003,<0.1,<0.001,<0.005,0.001,<0.0005,,,<0.002,<0.0002,<0.0004,<0.01,<0.004,<0.1,<0.0006,<0.001,<0.001,<0.0002,<0.0006,<0.0003,<0.002,<0.001,<0.001,0.08,<0.03,0.81,<0.1,0.84,<0.005,,,,,,,0.08,,,,,4.5,,27,,11,,,,,,,,,,,,,,,,,,,,,,,,,,,,,,,,,,,,
10980,20171207,小櫃橋,小櫃川下流,B,1000,流心（中央）,0.22,千葉県,晴れ,9.6,10.1,1.13,10.6,0.23,,>30.0,8,10,0.5,2.6,4,4.90E+03,,1.2,0.091,,,,,,,,,,,,,,,,,,,,,,,,,,,,,,,,,,,,,,,,,,,,2,,29,,,,,,,,,,,,,,,,,,,,,,,,,,,,,,,,,,,,,,
10980,20180116,小櫃橋,小櫃川下流,B,938,流心（中央）,0.17,千葉県,晴れ,8.4,6.3,0.89,3.74,0.14,,>30.0,8,12,1,2.9,2,3.30E+03,,1.1,0.085,0.005,,,,,,,,,,,,,,,,,,,,,,,,,,,<0.03,0.91,,0.94,,,,,,,,0.09,,,,,1.8,,31,,12,<0.05,,,,,,,,,,,,,,,,,,,,,,,,,,,,,,,,,,,
10980,20180207,小櫃橋,小櫃川下流,B,1315,流心（中央）,0.27,千葉県,晴れ,6.6,7.9,1.35,9.26,0.32,,>30.0,8.1,12,1.5,3.3,3,3.30E+02,,1.1,0.091,,,,,,,,,,,,,,,,,,,,,,,,,,,,,,,,,,,,,,,,,,,,2.1,,31,,,,,,,,,,,,,,,,,,,,,,,,,,,,,,,,,,,,,,
10980,20180306,小櫃橋,小櫃川下流,B,1140,流心（中央）,0.26,千葉県,晴れ,10.9,12.5,1.33,24.9,0.59,,22,8,10,2.9,7,33,1.70E+04,,1.3,0.17,,,,,,,,,,,,,,,,,,,,,,,,,,,,0.03,0.67,,0.7,,,,,,,,,,,,,3.8,,26,,,,,,,,,,,,,,,,,,,,,,,,,,,,,,,,,,,,,,
10985,20170515,椿橋,小櫃川下流,B,1320,流心（中央）,0.45,千葉県,曇り,21.8,18.5,2.25,6.8,0.1,,>30.0,7.9,8.8,1.6,6.1,10,1.10E+05,,1.3,0.15,0.006,,,,,,,,,,,,,,,,,,,,,,,,,,,0.03,0.63,,0.66,,,,,,,,,,,,,5.5,,,,,,,,0.092,0.076,0.015,0.0018,<0.0001,,,,,,,,,,,,,,,,,,,,,,,,,,,,
10985,20170713,椿橋,小櫃川下流,B,1434,流心（中央）,0.39,千葉県,晴れ,30.5,30.4,1.95,2.98,0.09,,>30.0,8.5,11,2.6,5.8,7,1.10E+03,,0.65,0.13,0.012,,,,,,,,,,,,,,,,,,,,,,,,,,,<0.03,0.19,,0.22,,,,,,,,,,,,,6.6,,,,,,,,0.086,0.064,0.019,0.0036,<0.0001,,,,,,,,,,,,,,,,,,,,,,,,,,,,
10985,20171120,椿橋,小櫃川下流,B,1004,流心（中央）,0.48,千葉県,曇り,7.7,9.8,2.42,5.34,0.06,,>30.0,7.8,10,0.6,3.4,7,4.90E+03,,1.1,0.09,0.002,,,,,,,,,,,,,,,,,,,,,,,,,,,<0.03,0.85,,0.88,,,,,,,,,,,,,4.6,,,,,,,,0.07,0.051,0.016,0.0031,<0.0001,,,,,,,,,,,,,,,,,,,,,,,,,,,,
10985,20180116,椿橋,小櫃川下流,B,1108,流心（中央）,0.39,千葉県,晴れ,12,7.5,1.99,1.83,0.02,,>30.0,7.9,11,1.1,2.5,2,9.40E+02,,1.1,0.1,0.009,,,,,,,,,,,,,,,,,,,,,,,,,,,<0.03,0.96,,0.99,,,,,,,,,,,,,1.6,,,,,,,,0.048,0.027,0.015,0.0064,0.0003,,,,,,,,,,,,,,,,,,,,,,,,,,,,
10990,20170425,御腹川橋,御腹川,A,858,流心（中央）,0.15,千葉県,晴れ,19.8,15.2,0.3,0.16,0.19,,>30.0,8,9.8,0.6,3.2,3,2.30E+03,,0.84,0.076,,,,,,,,,,,,,,,,,,,,,,,,,,,,,,,,,,,,,,,,,,,,3.5,,39,,,,,,,,,,,,,,,,,,,,,,,,,,,,,,,,,,,,,,
10990,20170515,御腹川橋,御腹川,A,835,流心（中央）,0.06,千葉県,曇り,16.4,16.1,0.31,0.36,0.2,,>30.0,8,8.8,0.9,4.7,4,7.90E+03,,0.96,0.09,0.001,0.00006,0.0057,<0.0003,<0.1,<0.001,<0.005,0.001,<0.0005,,<0.0005,<0.002,<0.0002,<0.0004,<0.01,<0.004,<0.1,<0.0006,<0.001,<0.001,<0.0002,<0.0006,<0.0003,<0.002,<0.001,<0.001,0.13,<0.03,0.53,<0.1,0.56,<0.005,,,,,,,0.12,,,,,4.9,,36,,12,,,,,,,,,,,,,,,,,,,,,,,,,,,,,,,,,,,,
10990,20170607,御腹川橋,御腹川,A,1130,流心（中央）,0.08,千葉県,曇り,24.6,19.1,0.42,0.26,0.17,,>30.0,8.1,9.2,<0.5,3.3,3,7.90E+03,,0.63,0.069,,,,,,,,,,,,,,,,,,,,,,,,,,,,,,,,,,,,,,,,,,,,2.9,,44,,,,,,,,,,,,,,,,,,,,,,,,,,,,,,,,,,,,,,
10990,20170713,御腹川橋,御腹川,A,1512,流心（中央）,0.12,千葉県,晴れ,33.9,26.8,0.25,0.14,0.13,,>30.0,8.2,7.6,1.7,3.7,2,4.90E+03,,0.57,0.065,0.001,,,,,,,,,,,,,,,,,,,,,,,,,,,<0.03,0.36,,0.39,,<0.005,<0.01,0.2,0.1,<0.02,,<0.03,,,,,4.8,,41,,10,<0.05,,,,,,,,,,,,,,,,,,,,,,,,,,,,,,,,,,,
10990,20170810,御腹川橋,御腹川,A,1310,流心（中央）,0.1,千葉県,曇り,32.9,24.5,0.52,0.23,0.17,,>30.0,8,8.7,1.5,5.1,15,4.90E+04,,0.96,0.12,,,,,,,,,,,,,,,,,,,,,,,,,,,,,,,,,,,,,,,,,,,,8,,44,,,,,,,,,,,,,,,,,,,,,,,,,,,,,,,,,,,,,,
10990,20170913,御腹川橋,御腹川,A,1413,流心（中央）,0.06,千葉県,晴れ,31.9,23.7,0.32,0.35,0.29,,>30.0,7.9,8.2,1.3,4.8,7,2.20E+04,,0.86,0.1,,,,,,,,,,,,,,,,,,,,,,,,,,,,0.03,0.48,,0.51,,,,,,,,,,,,,4.9,,45,,,,,,,,,,,,,,,,,,,,,,,,,,,,,,,,,,,,,,
10990,20171011,御腹川橋,御腹川,A,841,流心（中央）,0.1,千葉県,晴れ,25.1,18.3,0.54,0.45,0.23,,>30.0,8,8.9,0.9,4.1,4,4.90E+04,,0.81,0.063,,,,,,,,,,,,,,,,,,,,,,,,,,,,,,,,,,,,,,,,,,,,4.9,,39,,,,,,,,,,,,,,,,,,,,,,,,,,,,,,,,,,,,,,
10990,20171107,御腹川橋,御腹川,A,856,流心（中央）,0.07,千葉県,晴れ,18.8,14.2,0.37,0.39,0.26,,>30.0,8,9.7,<0.5,3.1,4,1.30E+04,,1,0.057,0.002,0.00006,0.011,<0.0003,<0.1,<0.001,<0.005,0.001,<0.0005,,,<0.002,<0.0002,<0.0004,<0.01,<0.004,<0.1,<0.0006,<0.001,<0.001,<0.0002,<0.0006,<0.0003,<0.002,<0.001,<0.001,0.11,<0.03,0.55,<0.1,0.58,<0.005,,,,,,,0.21,,,,,3.7,,35,,14,,,,,,,,,,,,,,,,,,,,,,,,,,,,,,,,,,,,
10990,20171207,御腹川橋,御腹川,A,902,流心（中央）,0.14,千葉県,快晴,4.9,7.9,0.28,0.22,0.26,,>30.0,7.9,11,1.1,2.4,2,3.30E+03,,0.89,0.052,,,,,,,,,,,,,,,,,,,,,,,,,,,,,,,,,,,,,,,,,,,,2.1,,41,,,,,,,,,,,,,,,,,,,,,,,,,,,,,,,,,,,,,,
10990,20180116,御腹川橋,御腹川,A,857,流心（中央）,0.1,千葉県,晴れ,5.8,6.1,0.51,0.31,0.17,,>30.0,7.8,11,<0.5,2.5,2,4.90E+02,,0.77,0.051,0.007,,,,,,,,,,,,,,,,,,,,,,,,,,,<0.03,0.56,,0.59,,,,,,,,0.12,,,,,1.5,,43,,20,<0.05,,,,,,,,,,,,,,,,,,,,,,,,,,,,,,,,,,,
10990,20180207,御腹川橋,御腹川,A,904,流心（中央）,0.13,千葉県,晴れ,1.1,5,0.26,0.16,0.15,,>30.0,7.9,12,0.5,2.9,2,4.90E+02,,0.72,0.055,,,,,,,,,,,,,,,,,,,,,,,,,,,,,,,,,,,,,,,,,,,,2.5,,45,,,,,,,,,,,,,,,,,,,,,,,,,,,,,,,,,,,,,,
10990,20180306,御腹川橋,御腹川,A,919,流心（中央）,0.1,千葉県,曇り,7.5,10.5,0.54,1.53,0.59,,15.5,7.9,10,1.6,8.7,61,3.30E+03,,0.87,0.1,,,,,,,,,,,,,,,,,,,,,,,,,,,,0.03,0.4,,0.43,,,,,,,,,,,,,5.1,,25,,,,,,,,,,,,,,,,,,,,,,,,,,,,,,,,,,,,,,
11001,20170425,持田崎橋,養老川上流,A,1255,流心（中央）,0.2,市原市,晴れ,20.5,18.1,0.92,1,0.09,,>30.0,8.2,10,0.8,2.9,<1,3.30E+03,,1.2,0.15,,,,,,,,,,,,,,,,,,,,,,,,,,,,0.04,0.85,,0.89,,,,,,,,0.13,,0.14,,,2.4,,31,,14,<0.05,,,,,,,,,,,,,,,,,,,,,,,,,,,,,,,,,,,
11001,20170509,持田崎橋,養老川上流,A,1255,流心（中央）,0.2,市原市,曇り,23.3,19.4,0.91,0.62,0.05,,>30.0,8.3,10,0.9,3.7,2,4.90E+03,,1.3,0.17,0.001,,,<0.0003,<0.1,<0.001,<0.005,0.001,<0.0005,,<0.0005,<0.002,<0.0002,<0.0004,<0.01,<0.004,<0.1,<0.0006,<0.001,<0.001,<0.0002,<0.0006,<0.0003,<0.002,<0.001,<0.001,0.12,0.05,0.81,<0.1,0.86,<0.005,<0.005,<0.01,<0.1,<0.1,<0.02,,0.1,,0.16,,,3.4,,36,,15,<0.05,,,,,,,,,,,,,,,,,,,,,,,,,,,,,,,,,,,
11001,20170612,持田崎橋,養老川上流,A,1050,流心（中央）,0.2,市原市,曇り,23.2,20.4,1.1,0.44,0.03,,>30.0,8.5,10,1.4,4.4,<1,2.40E+04,,1.1,0.15,,,,,,,,,,,,,,,,,,,,,,,,,,,,0.06,0.85,,0.91,,,,,,,,0.05,,0.13,,,2.4,,35,,17,<0.05,,,,,,,,,,,,,,,,,,,,,,,,,,,,,,,,,,,
11001,20170707,持田崎橋,養老川上流,A,1225,流心（中央）,0.2,市原市,晴れ,33.2,26.9,1.16,1.24,0.09,,>30.0,8.5,10,1.2,5.9,<1,3.30E+03,,1.2,0.2,,,,,,,,,,,,,,,,,,,,,,,,,,,,<0.03,0.78,,0.81,,,,,,,,0.08,,0.13,,,4.6,,30,,18,<0.05,,,,,,,,,,,,,,,,,,,,,,,,,,,,,,,,,,,
11001,20170807,持田崎橋,養老川上流,A,1330,流心（中央）,0.2,市原市,晴れ,31.3,29.5,1.24,0.8,0.05,,>30.0,8.5,10,1.4,5.6,<1,2.40E+03,,1.8,0.25,0.002,,,<0.0003,<0.1,<0.001,<0.005,0.002,<0.0005,,<0.0005,<0.002,<0.0002,<0.0004,<0.01,<0.004,<0.1,<0.0006,<0.001,<0.001,<0.0002,<0.0006,<0.0003,<0.002,<0.001,<0.001,0.12,0.05,1,<0.1,1,<0.005,<0.005,<0.01,<0.1,<0.1,<0.02,,0.08,,0.25,,,4.4,,32,,14,<0.05,,,,,,,,,,,,,,,,,,,,,,,,,,,,,,,,,,,
11001,20170922,持田崎橋,養老川上流,A,930,流心（中央）,0.19,市原市,晴れ,26.8,21.2,0.38,0.52,0.04,,>30.0,8.2,9.8,1.1,4,<1,1.30E+04,,1.5,0.18,,,,,,,,,,,,,,,,,,,,,,,,,,,,0.07,1,,1,,,,,,,,0.07,,0.17,,,2.4,,31,,14,<0.05,,,,,,,,,,,,,,,,,,,,,,,,,,,,,,,,,,,
11001,20171018,持田崎橋,養老川上流,A,1215,流心（中央）,0.2,市原市,晴れ,19.5,15.9,1.12,3.32,0.21,,>30.0,8.1,10,1.1,4.7,2,7.90E+03,,1,0.1,,,,,,,,,,,,,,,,,,,,,,,,,,,<0.08,0.03,0.62,<0.1,0.65,,,,,,,,0.09,,0.087,,,3.2,,19,,8,<0.05,,,,,,,,,,,,,,,,,,,,,,,,,,,,,,,,,,,
11001,20171116,持田崎橋,養老川上流,A,1200,流心（中央）,0.2,市原市,晴れ,17,13,1.06,2.29,0.14,,>30.0,7.8,10,1.1,2.8,<1,3.30E+03,,1,0.11,0.006,,,<0.0003,<0.1,<0.001,<0.005,<0.001,<0.0005,,<0.0005,<0.002,<0.0002,<0.0004,<0.01,<0.004,<0.1,<0.0006,<0.001,<0.001,<0.0002,<0.0006,<0.0003,<0.002,<0.001,<0.001,,<0.03,0.6,,0.63,<0.005,<0.005,<0.01,<0.1,<0.1,<0.02,<0.0006,0.09,,0.1,,,2.5,,24,,12,<0.05,<0.002,<0.001,,,,,,<0.0006,<0.004,<0.006,<0.02,<0.0008,<0.0005,<0.0003,<0.004,<0.004,<0.005,<0.0008,<0.0008,<0.003,<0.0008,<0.0001,<0.06,<0.04,<0.006,<0.007,<0.0002,<0.00004,<0.02,<0.0002,,,,,
11001,20171204,持田崎橋,養老川上流,A,1255,流心（中央）,0.2,市原市,曇り,15,10.2,1.21,1.19,0.07,,>30.0,8.1,11,0.8,2.6,<1,2.40E+03,,1.2,0.12,,,,,,,,,,,,,,,,,,,,,,,,,,,,<0.03,0.86,,0.89,,,,,,,,0.18,,0.11,,,4.1,,31,,14,<0.05,,,,,,,,,,,,,,,,,,,,,,,,,,,,,,,,,,,
11001,20180105,持田崎橋,養老川上流,A,955,流心（中央）,0.2,市原市,曇り,4.3,4.1,1.14,0.76,0.05,,>30.0,8.2,13,1,2.9,<1,3.30E+02,,1.4,0.14,,,,,,,,,,,,,,,,,,,,,,,,,,,,<0.03,0.94,,0.97,,,,,,,,0.16,,0.13,,,2.6,,35,,16,<0.05,,,,,,,,,,,,,,,,,,,,,,,,,,,,,,,,,,,
11001,20180220,持田崎橋,養老川上流,A,940,流心（中央）,0.2,市原市,晴れ,7.8,7.7,1.11,0.6,0.04,,>30.0,8.4,13,1.3,3.4,3,3.30E+02,,1.2,0.17,0.004,,,<0.0003,<0.1,<0.001,<0.005,0.001,<0.0005,,<0.0005,<0.002,<0.0002,<0.0004,<0.01,<0.004,<0.1,<0.0006,<0.001,<0.001,<0.0002,<0.0006,<0.0003,<0.002,<0.001,<0.001,0.12,<0.03,0.8,<0.1,0.83,<0.005,<0.005,<0.01,<0.1,<0.1,<0.02,,0.09,,0.15,,,3.2,,35,,15,<0.05,,,,,,,,,,,,,,,,,,,,,,,,,,,,,,,,,,,
11001,20180308,持田崎橋,養老川上流,A,920,流心（中央）,0.2,市原市,雨,5.3,8,1.1,1.29,0.08,,>30.0,7.9,11,1.6,3.8,1,1.30E+03,,1.2,0.19,,,,,,,,,,,,,,,,,,,,,,,,,,,,0.03,0.79,,0.82,,,,,,,,0.27,,0.19,,,3.6,,25,,14,<0.05,,,,,,,,,,,,,,,,,,,,,,,,,,,,,,,,,,,
11010,20170425,浅井橋,養老川中流,B,1140,流心（中央）,0.2,市原市,晴れ,19.5,19.2,0.47,3.11,0.17,,>30.0,7.9,10,2.4,5.9,8,4.90E+03,,0.91,0.1,,,,,,,,,,,,,,,,,,,,,,,,,,,,<0.03,0.51,,0.54,,,,,,,,<0.03,,0.064,,,4.9,,26,,14,<0.05,,,,,,,,,,,,,,,,,,,,,,,,,,,,,,,,,,,
11010,20170509,浅井橋,養老川中流,B,1130,流心（中央）,0.18,市原市,曇り,23.4,20.9,0.36,1.07,0.1,,>30.0,8.5,12,3.2,6.9,15,1.30E+04,,0.63,0.15,0.002,,,<0.0003,<0.1,<0.001,<0.005,0.001,<0.0005,,<0.0005,<0.002,<0.0002,<0.0004,<0.01,<0.004,<0.1,<0.0006,<0.001,<0.001,<0.0002,<0.0006,<0.0003,<0.002,<0.001,<0.001,0.15,<0.03,<0.03,<0.1,<0.06,<0.005,<0.005,<0.01,<0.1,<0.1,<0.02,,0.07,,0.026,,,5.1,,31,,15,<0.05,,,,,,,,,,,,,,,,,,,,,,,,,,,,,,,,,,,
11010,20170612,浅井橋,養老川中流,B,1405,流心（中央）,0.2,市原市,晴れ,27.3,24,0.47,1.96,0.11,,>30.0,8.4,10,3.4,6.5,9,3.30E+04,,0.56,0.1,,,,,,,,,,,,,,,,,,,,,,,,,,,,<0.03,0.11,,0.14,,,,,,,,<0.03,,0.087,,,4.1,,33,,14,<0.05,,,,,,,,,,,,,,,,,,,,,,,,,,,,,,,,,,,
11010,20170707,浅井橋,養老川中流,B,1100,流心（中央）,0.2,市原市,晴れ,32.4,29.6,1.88,0.8,<0.01,,>30.0,9.2,10,3.3,9.5,3,2.40E+03,,0.67,0.12,,,,,,,,,,,,,,,,,,,,,,,,,,,,<0.03,<0.03,,<0.06,,,,,,,,<0.03,,0.009,,,4.7,,29,,12,<0.05,,,,,,,,,,,,,,,,,,,,,,,,,,,,,,,,,,,
11010,20170807,浅井橋,養老川中流,B,1200,流心（中央）,0.2,市原市,晴れ,33.9,28.9,2.16,1.32,0.01,,>30.0,8.4,11,2.9,6.8,4,3.30E+03,,0.74,0.1,0.004,,,<0.0003,<0.1,<0.001,<0.005,0.002,<0.0005,,<0.0005,<0.002,<0.0002,<0.0004,<0.01,<0.004,<0.1,<0.0006,<0.001,<0.001,<0.0002,<0.0006,<0.0003,<0.002,<0.001,<0.001,0.13,<0.03,0.11,<0.1,0.14,<0.005,<0.005,<0.01,<0.1,<0.1,<0.02,,0.08,,0.045,,,5.5,,33,,14,<0.05,,,,,,,,,,,,,,,,,,,,,,,,,,,,,,,,,,,
11010,20170922,浅井橋,養老川中流,B,1325,流心（中央）,0.17,市原市,晴れ,26.8,24.3,0.35,2.15,0.14,,>30.0,8.5,12,2.6,6.8,4,3.30E+04,,1,0.093,,,,,,,,,,,,,,,,,,,,,,,,,,,,<0.03,0.37,,0.4,,,,,,,,<0.03,,0.043,,,3.8,,30,,14,<0.05,,,,,,,,,,,,,,,,,,,,,,,,,,,,,,,,,,,
11010,20171018,浅井橋,養老川中流,B,1100,流心（中央）,0.2,市原市,晴れ,17.7,16.9,0.52,9.16,0.33,,>30.0,7.9,9.8,1.4,5.9,8,2.40E+04,,1.1,0.1,,,,,,,,,,,,,,,,,,,,,,,,,,,0.1,<0.03,0.7,<0.1,0.73,,,,,,,,0.05,,0.062,,,4.1,,24,,8,<0.05,,,,,,,,,,,,,,,,,,,,,,,,,,,,,,,,,,,
11010,20171116,浅井橋,養老川中流,B,1045,流心（中央）,0.2,市原市,晴れ,14.9,13.6,0.57,6.58,0.27,,>30.0,7.8,10,1.7,4.1,5,4.90E+03,,0.97,0.085,0.002,,,<0.0003,<0.1,<0.001,<0.005,0.001,<0.0005,,<0.0005,<0.002,<0.0002,<0.0004,<0.01,<0.004,<0.1,<0.0006,<0.001,<0.001,<0.0002,<0.0006,<0.0003,<0.002,<0.001,<0.001,,<0.03,0.61,,0.64,<0.005,<0.005,<0.01,0.1,<0.1,<0.02,<0.0006,<0.03,,0.057,,,3.6,,28,,12,<0.05,<0.002,<0.001,,,,,,<0.0006,<0.004,<0.006,<0.02,<0.0008,<0.0005,<0.0003,<0.004,<0.004,<0.005,<0.0008,<0.0008,<0.003,<0.0008,<0.0001,<0.06,<0.04,<0.006,<0.007,<0.0002,<0.00004,0.07,0.0002,,,,,
11010,20171204,浅井橋,養老川中流,B,915,流心（中央）,0.2,市原市,晴れ,10.5,9.3,0.5,3.54,0.19,,>30.0,7.8,11,1.4,3.6,2,3.30E+03,,1,0.095,,,,,,,,,,,,,,,,,,,,,,,,,,,,<0.03,0.73,,0.76,,,,,,,,0.08,,0.064,,,4.2,,27,,15,<0.05,,,,,,,,,,,,,,,,,,,,,,,,,,,,,,,,,,,
11010,20180105,浅井橋,養老川中流,B,1110,流心（中央）,0.2,市原市,曇り,5,5.2,0.41,2.33,0.16,,>30.0,8.4,14,2.9,4.6,5,7.90E+02,,1,0.062,,,,,,,,,,,,,,,,,,,,,,,,,,,,<0.03,0.51,,0.54,,,,,,,,<0.03,,0.024,,,4.1,,34,,14,<0.05,,,,,,,,,,,,,,,,,,,,,,,,,,,,,,,,,,,
11010,20180220,浅井橋,養老川中流,B,1050,流心（中央）,0.16,市原市,晴れ,10.2,9.3,0.32,1.51,0.12,,>30.0,8.3,12,2.3,4.2,5,2.40E+03,,0.96,0.08,0.002,,,<0.0003,<0.1,<0.001,<0.005,0.001,<0.0005,,<0.0005,<0.002,<0.0002,<0.0004,<0.01,<0.004,<0.1,<0.0006,<0.001,<0.001,<0.0002,<0.0006,<0.0003,<0.002,<0.001,<0.001,0.1,<0.03,0.41,<0.1,0.44,<0.005,<0.005,<0.01,0.2,<0.1,<0.02,,0.06,,0.054,,,4,,33,,15,<0.05,,,,,,,,,,,,,,,,,,,,,,,,,,,,,,,,,,,
11010,20180308,浅井橋,養老川中流,B,1700,流心（中央）,0.2,市原市,雨,5.8,8.7,0.42,4.47,0.23,,>30.0,7.8,11,2.6,5.1,8,2.40E+03,,1.2,0.088,,,,,,,,,,,,,,,,,,,,,,,,,,,,<0.03,0.67,,0.7,,,,,,,,0.15,,0.083,,,4.7,,27,,12,<0.05,,,,,,,,,,,,,,,,,,,,,,,,,,,,,,,,,,,
11020,20170425,養老大橋,養老川下流,C,1020,流心（中央）,0.2,市原市,晴れ,18,19,1.14,8.52,0.05,,>30.0,7.9,10,2.6,5.4,9,4.90E+03,,0.76,0.067,,,,,,,,,,,,,,,,,,,,,,,,,,,,<0.03,0.27,,0.3,,,,,,,,0.2,,0.034,,,4.5,,2300,,9800,<0.05,,,,,,,,,,,,,,,,,,,,,,,,,,,,,,,,,,,
11020,20170509,養老大橋,養老川下流,C,1000,流心（中央）,0.2,市原市,曇り,23.7,22.1,1.28,10.4,0.07,,>30.0,7.8,6.7,4.5,6.2,8,4.90E+02,,0.71,0.11,0.004,<0.00006,<0.0006,<0.0003,<0.1,<0.001,<0.005,0.002,<0.0005,,<0.0005,<0.002,<0.0002,<0.0004,<0.01,<0.004,<0.1,<0.0006,<0.001,<0.001,<0.0002,<0.0006,<0.0003,<0.002,<0.001,<0.001,,<0.03,0.08,,0.11,0.018,<0.005,<0.01,<0.1,0.3,<0.02,,0.31,,0.092,,,5.2,,2800,,11000,<0.05,,,,,,,,,,,,,,,,,,,,,,,,,,,,,,,,,,,
11020,20170612,養老大橋,養老川下流,C,1245,流心（中央）,0.2,市原市,晴れ,28.3,27.2,1.16,8.29,0.05,,>30.0,8.2,9.7,5.4,6.4,14,7.90E+02,,0.52,0.11,,,,,,,,,,,,,,,,,,,,,,,,,,,0.57,<0.03,<0.03,2.3,<0.06,,,,,,,,0.04,,0.095,,,4.5,,2900,,9600,<0.05,,,,,,,,,,,,,,,,,,,,,,,,,,,,,,,,,,,
11020,20170707,養老大橋,養老川下流,C,955,流心（中央）,0.2,市原市,晴れ,28.9,29.6,2.12,12.8,0.08,,>30.0,8.2,9.9,4.9,7.8,11,3.30E+02,,0.78,0.17,,,,,,,,,,,,,,,,,,,,,,,,,,,,<0.03,<0.03,,<0.06,,,,,,,,0.04,,0.06,,,5.2,,2800,,10000,<0.05,,,,,,,,,,,,,,,,,,,,,,,,,,,,,,,,,,,
11020,20170807,養老大橋,養老川下流,C,1055,流心（中央）,0.2,市原市,晴れ,32.8,31.9,2.4,11.2,0.07,,>30.0,7.8,8,3.6,5.6,3,7.90E+02,,1,0.17,0.009,,,<0.0003,<0.1,0.001,<0.005,0.004,<0.0005,,<0.0005,<0.002,<0.0002,<0.0004,<0.01,<0.004,<0.1,<0.0006,<0.001,<0.001,<0.0002,<0.0006,<0.0003,<0.002,<0.001,<0.001,,<0.03,0.22,,0.25,0.006,<0.005,<0.01,<0.1,0.2,<0.02,,0.31,,0.13,,,5.1,,2800,,13000,<0.05,,,,,,,,,,,,,,,,,,,,,,,,,,,,,,,,,,,
11020,20170922,養老大橋,養老川下流,C,1205,流心（中央）,0.2,市原市,晴れ,29,24.8,2.48,9.63,0.06,,>30.0,7.9,6.6,1.6,6.1,5,7.90E+03,,1.1,0.11,,,,,,,,,,,,,,,,,,,,,,,,,,,0.39,<0.03,0.32,1.2,0.35,,,,,,,,0.26,,0.1,,,3.7,,1500,,6200,<0.05,,,,,,,,,,,,,,,,,,,,,,,,,,,,,,,,,,,
11020,20171018,養老大橋,養老川下流,C,950,流心（中央）,0.2,市原市,晴れ,18.1,16.4,1.88,15.1,0.11,,>30.0,7.8,9.6,1.4,6.9,6,3.30E+04,,1.2,0.11,,,,,,,,,,,,,,,,,,,,,,,,,,,0.11,<0.03,0.74,<0.1,0.77,,,,,,,,0.04,,0.066,,,4.5,,32,,35,<0.05,,,,,,,,,,,,,,,,,,,,,,,,,,,,,,,,,,,
11020,20171116,養老大橋,養老川下流,C,930,流心（中央）,0.2,市原市,晴れ,14.3,13.2,1.23,19.1,0.07,,>30.0,7.9,9.9,1.5,4.5,6,4.90E+03,,1,0.067,0.009,<0.00006,0.0056,<0.0003,<0.1,<0.001,<0.005,0.001,<0.0005,,<0.0005,<0.002,<0.0002,<0.0004,<0.01,<0.004,<0.1,<0.0006,<0.001,<0.001,<0.0002,<0.0006,<0.0003,<0.002,<0.001,<0.001,,<0.03,0.66,,0.69,<0.005,<0.005,<0.01,<0.1,<0.1,<0.02,<0.0006,<0.03,,0.052,,,4.5,,170,,480,<0.05,<0.002,<0.001,,,,,,<0.0006,<0.004,<0.006,<0.02,<0.0008,<0.0005,<0.0003,<0.004,<0.004,<0.005,<0.0008,<0.0008,<0.003,<0.0008,<0.0001,<0.06,<0.04,<0.006,<0.007,<0.0002,<0.00004,0.06,0.0003,<0.001,<0.1,<0.00007,<0.002,<0.0003
11020,20171204,養老大橋,養老川下流,C,1130,流心（中央）,0.2,市原市,晴れ,12.5,13,1.06,17.9,0.07,,>30.0,7.8,11,1.2,3.4,6,3.30E+03,,1.1,0.073,,,,,,,,,,,,,,,,,,,,,,,,,,,,<0.03,0.58,,0.61,,,,,,,,0.15,,0.051,,,4.4,,1300,,5100,<0.05,,,,,,,,,,,,,,,,,,,,,,,,,,,,,,,,,,,
11020,20180105,養老大橋,養老川下流,C,1245,流心（中央）,0.2,市原市,曇り,6.5,6.6,1.74,16.5,0.07,,>30.0,8.3,12,2.9,5,6,4.90E+02,,1,0.047,,,,,,,,,,,,,,,,,,,,,,,,,,,,<0.03,0.46,,0.49,,,,,,,,0.07,,0.017,,,4.5,,1400,,5500,<0.05,,,,,,,,,,,,,,,,,,,,,,,,,,,,,,,,,,,
11020,20180220,養老大橋,養老川下流,C,1320,流心（中央）,0.2,市原市,晴れ,14.1,11.3,2.16,16.2,0.08,,>30.0,8.1,10,2.2,4.8,8,7.90E+02,,1.1,0.071,0.004,,,<0.0003,<0.1,<0.001,<0.005,0.002,<0.0005,,<0.0005,<0.002,<0.0002,<0.0004,<0.01,<0.004,<0.1,<0.0006,<0.001,<0.001,<0.0002,<0.0006,<0.0003,<0.002,<0.001,<0.001,,<0.03,0.32,,0.35,<0.005,<0.005,<0.01,<0.1,<0.1,<0.02,,0.15,,0.043,,,4.4,,1800,,7000,<0.05,,,,,,,,,,,,,,,,,,,,,,,,,,,,,,,,,,,
11020,20180308,養老大橋,養老川下流,C,1535,流心（中央）,0.2,市原市,雨,8,9,3.4,3.83,0.01,,>30.0,7.9,11,1.8,5.7,9,2.40E+03,,1.2,0.2,,,,,,,,,,,,,,,,,,,,,,,,,,,0.12,<0.03,0.7,0.1,0.73,,,,,,,,0.23,,0.071,,,5.1,,180,,490,<0.05,,,,,,,,,,,,,,,,,,,,,,,,,,,,,,,,,,,
11030,20170417,新瀬又橋,村田川,C,1145,流心（中央）,0.2,市原市,晴れ,22,17.2,1.16,0.22,0.02,,>30.0,8,9.9,0.5,2.2,3,4.90E+03,,1.9,0.05,,,,,,,,,,,,,,,,,,,,,,,,,,,,0.03,1.5,,1.5,,,,,,,,<0.03,,0.037,,,1.3,,26,,11,<0.05,,,,,,,,,,,,,,,,,,,,,,,,,,,,,,,,,,,
11030,20170508,新瀬又橋,村田川,C,1150,流心（中央）,0.2,市原市,晴れ,25.9,18.3,1.44,0.22,0.02,,>30.0,8.1,10,0.5,2.4,2,3.30E+03,,1.9,0.053,0.001,,,<0.0003,<0.1,<0.001,<0.005,0.001,<0.0005,,<0.0005,<0.002,<0.0002,<0.0004,<0.01,<0.004,<0.1,<0.0006,<0.001,<0.001,<0.0002,<0.0006,<0.0003,<0.002,<0.001,<0.001,<0.08,<0.03,1.4,<0.1,1.4,<0.005,<0.005,<0.01,0.2,<0.1,<0.02,,0.09,,0.037,,,1.3,,27,,12,<0.05,,,,,,,,,,,,,,,,,,,,,,,,,,,,,,,,,,,
11030,20170606,新瀬又橋,村田川,C,1130,流心（中央）,0.2,市原市,曇り,22.2,17.3,1.42,0.1,0.01,,>30.0,8,8.7,0.5,2.2,1,3.30E+03,,1.7,0.056,,,,,,,,,,,,,,,,,,,,,,,,,,,,<0.03,1.4,,1.5,,,,,,,,<0.03,,0.033,,,2.2,,27,,13,<0.05,,,,,,,,,,,,,,,,,,,,,,,,,,,,,,,,,,,
11030,20170710,新瀬又橋,村田川,C,930,流心（中央）,0.2,市原市,晴れ,28.6,20.6,1.42,0.13,0.01,,>30.0,8,9,0.7,2.2,3,4.90E+04,,1.6,0.062,,,,,,,,,,,,,,,,,,,,,,,,,,,,<0.03,1.4,,1.5,,,,,,,,<0.03,,0.04,,,1.5,,27,,12,<0.05,,,,,,,,,,,,,,,,,,,,,,,,,,,,,,,,,,,
11030,20170809,新瀬又橋,村田川,C,1015,流心（中央）,0.2,市原市,晴れ,32.7,22.5,1.23,0.39,0.06,,>30.0,7.9,8.8,<0.5,2.9,4,1.30E+04,,1.5,0.064,0.006,,,<0.0003,<0.1,<0.001,<0.005,0.002,<0.0005,,<0.0005,<0.002,<0.0002,<0.0004,<0.01,<0.004,<0.1,<0.0006,<0.001,<0.001,<0.0002,<0.0006,<0.0003,<0.002,<0.001,<0.001,<0.08,<0.03,1.3,<0.1,1.4,<0.005,<0.005,<0.01,0.2,<0.1,<0.02,,0.05,,0.043,,,1.9,,26,,13,<0.05,,,,,,,,,,,,,,,,,,,,,,,,,,,,,,,,,,,
11030,20170905,新瀬又橋,村田川,C,1230,流心（中央）,0.2,市原市,曇り,25.3,21.1,1.5,0.32,0.03,,>30.0,7.9,8.9,1.1,4.8,5,3.30E+04,,1.2,0.06,,,,,,,,,,,,,,,,,,,,,,,,,,,,<0.03,0.99,,1,,,,,,,,<0.03,,0.029,,,3.3,,20,,10,<0.05,,,,,,,,,,,,,,,,,,,,,,,,,,,,,,,,,,,
11030,20171003,新瀬又橋,村田川,C,1125,流心（中央）,0.2,市原市,曇り,21.7,18.6,1.42,0.4,0.03,,>30.0,7.9,8.9,<0.5,2.5,2,3.30E+04,,1.5,0.05,,,,,,,,,,,,,,,,,,,,,,,,,,,,<0.03,1.2,,1.2,,,,,,,,<0.03,,0.036,,,2.4,,26,,11,<0.05,,,,,,,,,,,,,,,,,,,,,,,,,,,,,,,,,,,
11030,20171107,新瀬又橋,村田川,C,1010,流心（中央）,0.2,市原市,晴れ,17.4,14.8,1.88,0.44,0.04,,>30.0,7.8,9.8,0.7,2.2,<1,1.30E+04,,1.6,0.033,0.002,,,<0.0003,<0.1,<0.001,<0.005,0.001,<0.0005,,<0.0005,<0.002,<0.0002,<0.0004,<0.01,<0.004,<0.1,<0.0006,<0.001,<0.001,<0.0002,<0.0006,<0.0003,<0.002,<0.001,<0.001,<0.08,<0.03,1.3,<0.1,1.3,<0.005,<0.005,<0.01,0.2,<0.1,<0.02,,<0.03,,0.023,,,1.2,,25,,12,<0.05,,,,,,,,,,,,,,,,,,,,,,,,,,,,,,,,,,,
11030,20171205,新瀬又橋,村田川,C,935,流心（中央）,0.2,市原市,晴れ,10.3,11.4,1.42,0.28,0.02,,>30.0,7.9,10,0.9,1.6,<1,7.90E+03,,1.8,0.033,,,,,,,,,,,,,,,,,,,,,,,,,,,,<0.03,1.6,,1.6,,,,,,,,0.03,,0.021,,,1.1,,27,,13,<0.05,,,,,,,,,,,,,,,,,,,,,,,,,,,,,,,,,,,
11030,20180115,新瀬又橋,村田川,C,1240,流心（中央）,0.2,市原市,晴れ,11.5,8.8,1.72,0.38,0.03,,>30.0,7.9,11,<0.5,1.9,3,2.40E+03,,1.9,0.04,,,,,,,,,,,,,,,,,,,,,,,,,,,,<0.03,1.7,,1.8,,,,,,,,<0.03,,0.033,,,1.1,,26,,13,<0.05,,,,,,,,,,,,,,,,,,,,,,,,,,,,,,,,,,,
11030,20180206,新瀬又橋,村田川,C,1250,流心（中央）,0.2,市原市,晴れ,8.3,8.4,1.24,0.28,0.03,,>30.0,7.8,11,<0.5,1.7,<1,3.30E+02,,2,0.047,0.001,,,<0.0003,<0.1,<0.001,<0.005,0.001,<0.0005,,<0.0005,<0.002,<0.0002,<0.0004,<0.01,<0.004,<0.1,<0.0006,<0.001,<0.001,<0.0002,<0.0006,<0.0003,<0.002,<0.001,<0.001,<0.08,<0.03,1.7,<0.1,1.7,<0.005,<0.005,<0.01,0.2,<0.1,<0.02,,<0.03,,0.027,,,1.8,,25,,13,<0.05,,,,,,,,,,,,,,,,,,,,,,,,,,,,,,,,,,,
11030,20180302,新瀬又橋,村田川,C,940,流心（中央）,0.2,市原市,晴れ,12.1,11,1.42,0.63,0.06,,>30.0,7.8,10,1,3.6,7,1.30E+03,,1.8,0.075,,,,,,,,,,,,,,,,,,,,,,,,,,,,<0.03,1.3,,1.4,,,,,,,,0.06,,0.034,,,2.9,,21,,11,<0.05,,,,,,,,,,,,,,,,,,,,,,,,,,,,,,,,,,,
11041,20170417,江川橋,村田川,C,1310,流心（中央）,0.15,市原市,曇り,21.2,17.1,0.3,1.42,0.21,,>30.0,8,9.8,1.4,3.6,12,7.90E+03,,1.7,0.1,,,,,,,,,,,,,,,,,,,,,,,,,,,,0.04,1.1,,1.2,,,,,,,,0.09,,0.063,,,1.9,,31,,19,<0.05,,,,,,,,,,,,,,,,,,,,,,,,,,,,,,,,,,,
11041,20170508,江川橋,村田川,C,1040,流心（中央）,0.2,市原市,晴れ,26.7,19.1,0.59,1.63,0.19,,>30.0,8.1,10,1.1,3.2,2,1.30E+04,,1.7,0.075,0.005,,,<0.0003,<0.1,0.001,<0.005,0.001,<0.0005,,<0.0005,<0.002,<0.0002,<0.0004,<0.01,<0.004,<0.1,<0.0006,<0.001,<0.001,<0.0002,<0.0006,<0.0003,<0.002,<0.001,<0.001,0.1,<0.03,1.1,<0.1,1.2,<0.005,<0.005,<0.01,0.1,<0.1,<0.02,,0.09,,0.049,,,2,,31,,20,<0.05,,,,,,,,,,,,,,,,,,,,,,,,,,,,,,,,,,,
11041,20170606,江川橋,村田川,C,1020,流心（中央）,0.17,市原市,曇り,24.8,19.2,0.35,1.21,0.15,,>30.0,8.1,7,1.2,4.1,1,4.90E+03,,1.4,0.1,,,,,,,,,,,,,,,,,,,,,,,,,,,,<0.03,1,,1,,,,,,,,<0.03,,0.051,,,2.9,,32,,22,<0.05,,,,,,,,,,,,,,,,,,,,,,,,,,,,,,,,,,,
11041,20170710,江川橋,村田川,C,1030,流心（中央）,0.2,市原市,晴れ,32.8,23,0.59,1.6,0.17,,>30.0,8.1,9,1.2,3.8,12,3.30E+04,,1.5,0.1,,,,,,,,,,,,,,,,,,,,,,,,,,,,<0.03,1.1,,1.1,,,,,,,,0.05,,0.06,,,2.4,,33,,23,<0.05,,,,,,,,,,,,,,,,,,,,,,,,,,,,,,,,,,,
11041,20170809,江川橋,村田川,C,1125,流心（中央）,0.2,市原市,晴れ,36.6,26.7,0.49,1.46,0.23,,>30.0,8,8.5,1,4.7,4,3.30E+04,,1.4,0.086,0.02,,,<0.0003,<0.1,<0.001,<0.005,0.001,<0.0005,,<0.0005,<0.002,<0.0002,<0.0004,<0.01,<0.004,<0.1,<0.0006,<0.001,<0.001,<0.0002,<0.0006,<0.0003,<0.002,<0.001,<0.001,0.08,<0.03,1,<0.1,1.1,<0.005,<0.005,<0.01,0.2,<0.1,<0.02,,0.07,,0.061,,,3.1,,31,,23,<0.05,,,,,,,,,,,,,,,,,,,,,,,,,,,,,,,,,,,
11041,20170905,江川橋,村田川,C,1130,流心（中央）,0.2,市原市,曇り,25.3,20.8,0.69,2.16,0.22,,>30.0,7.9,9.1,2,6.9,6,7.90E+04,,1.4,0.11,,,,,,,,,,,,,,,,,,,,,,,,,,,,<0.03,1,,1,,,,,,,,0.05,,0.043,,,3.9,,26,,19,<0.05,,,,,,,,,,,,,,,,,,,,,,,,,,,,,,,,,,,
11041,20171003,江川橋,村田川,C,1030,流心（中央）,0.2,市原市,曇り,21.6,18.9,0.57,1.98,0.23,,>30.0,8,9.3,0.6,2.7,1,1.30E+05,,1.4,0.061,,,,,,,,,,,,,,,,,,,,,,,,,,,,<0.03,1,,1.1,,,,,,,,0.04,,0.047,,,2.9,,34,,30,<0.05,,,,,,,,,,,,,,,,,,,,,,,,,,,,,,,,,,,
11041,20171107,江川橋,村田川,C,1125,流心（中央）,0.2,市原市,晴れ,20.2,15.4,1.04,2.28,0.14,,>30.0,7.9,10,0.8,2.4,1,1.30E+04,,1.5,0.036,0.001,,,<0.0003,<0.1,<0.001,<0.005,0.001,<0.0005,,<0.0005,<0.002,<0.0002,<0.0004,<0.01,<0.004,<0.1,<0.0006,<0.001,<0.001,<0.0002,<0.0006,<0.0003,<0.002,<0.001,<0.001,0.12,<0.03,1.2,<0.1,1.2,<0.005,<0.005,<0.01,0.2,<0.1,<0.02,,<0.03,,0.032,,,1.9,,32,,26,<0.05,,,,,,,,,,,,,,,,,,,,,,,,,,,,,,,,,,,
11041,20171205,江川橋,村田川,C,1045,流心（中央）,0.2,市原市,晴れ,12.5,12.1,1.01,2.74,0.15,,>30.0,8,10,0.7,2.1,<1,1.30E+04,,1.7,0.048,,,,,,,,,,,,,,,,,,,,,,,,,,,,<0.03,1.4,,1.5,,,,,,,,0.05,,0.045,,,3.2,,36,,34,<0.05,,,,,,,,,,,,,,,,,,,,,,,,,,,,,,,,,,,
11041,20180115,江川橋,村田川,C,1120,流心（中央）,0.2,市原市,晴れ,11,8.4,0.46,1,0.08,,>30.0,8,12,0.9,2.6,2,4.90E+03,,1.8,0.06,,,,,,,,,,,,,,,,,,,,,,,,,,,,<0.03,1.5,,1.5,,,,,,,,0.09,,0.052,,,2.5,,30,,19,<0.05,,,,,,,,,,,,,,,,,,,,,,,,,,,,,,,,,,,
11041,20180206,江川橋,村田川,C,1400,流心（中央）,0.2,市原市,晴れ,7,7.9,0.62,1.75,0.18,,>30.0,8,11,1.3,2.3,1,3.30E+03,,1.9,0.074,0.002,,,<0.0003,<0.1,<0.001,<0.005,0.001,<0.0005,,<0.0005,<0.002,<0.0002,<0.0004,<0.01,<0.004,<0.1,<0.0006,<0.001,<0.001,<0.0002,<0.0006,<0.0003,<0.002,<0.001,<0.001,<0.08,0.05,1.4,<0.1,1.5,<0.005,<0.005,<0.01,0.2,<0.1,<0.02,,0.12,,0.046,,,2.5,,30,,20,<0.05,,,,,,,,,,,,,,,,,,,,,,,,,,,,,,,,,,,
11041,20180302,江川橋,村田川,C,1040,流心（中央）,0.2,市原市,晴れ,12.7,11.6,0.64,2.2,0.24,,>30.0,7.9,10,1.6,3.9,9,4.90E+03,,1.7,0.086,,,,,,,,,,,,,,,,,,,,,,,,,,,,0.04,1.2,,1.2,,,,,,,,0.08,,0.042,,,3.5,,24,,15,<0.05,,,,,,,,,,,,,,,,,,,,,,,,,,,,,,,,,,,
11050,20170417,新村田橋,村田川,C,1410,流心（中央）,0.2,市原市,曇り,21.2,18,0.58,2.44,0.16,,>30.0,7.8,9.3,2,5.1,9,7.90E+03,,2.8,0.1,,,,,,,,,,,,<0.002,,,,,,,,,,,,,,,,0.12,1.3,,1.5,,,,,,,,0.87,,0.076,,,3.2,,360,,1000,<0.05,,,,,,,,,,,,,,,,,,,,,,,,,,,,,,,,,,,
11050,20170508,新村田橋,村田川,C,940,流心（中央）,0.2,市原市,晴れ,24.3,20.1,0.71,2.7,0.12,,>30.0,7.9,9.2,1.7,4.9,4,7.90E+03,,2.7,0.092,0.004,<0.00006,<0.0006,<0.0003,<0.1,<0.001,<0.005,0.001,<0.0005,,<0.0005,<0.002,<0.0002,<0.0004,<0.01,<0.004,<0.1,<0.0006,<0.001,<0.001,<0.0002,<0.0006,<0.0003,<0.002,<0.001,<0.001,0.28,0.06,0.89,0.8,0.95,<0.005,<0.005,<0.01,<0.1,<0.1,<0.02,,1.3,,0.058,,,3.4,,1100,,3900,<0.05,,,,,,,,,,,,,,,,,,,,,,,,,,,,,,,,,,,
11050,20170606,新村田橋,村田川,C,905,流心（中央）,0.2,市原市,晴れ,21.7,21.3,0.71,3.11,0.15,,>30.0,7.8,6.9,1.5,6.1,4,3.30E+04,,2.4,0.11,,,,,,,,,,,,<0.002,,,,,,,,,,,,,,,,0.03,0.82,,0.85,,,,,,,,1.1,,0.071,,,3.8,,1200,,4600,<0.05,,,,,,,,,,,,,,,,,,,,,,,,,,,,,,,,,,,
11050,20170710,新村田橋,村田川,C,1135,流心（中央）,0.2,市原市,晴れ,34.3,27.6,0.61,4.22,0.23,,>30.0,7.9,7.9,2.7,5.8,18,4.90E+03,,3.2,0.17,,,,,,,,,,,,<0.002,,,,,,,,,,,,,,,,0.09,0.91,,1,,,,,,,,1.9,,0.11,,,4.6,,900,,3000,<0.05,,,,,,,,,,,,,,,,,,,,,,,,,,,,,,,,,,,
11050,20170809,新村田橋,村田川,C,1205,流心（中央）,0.2,市原市,晴れ,36.1,29.4,0.46,3,0.22,,>30.0,7.8,6.3,2,6.7,11,4.90E+04,,2.7,0.12,0.023,,,<0.0003,<0.1,0.001,<0.005,0.003,<0.0005,,<0.0005,<0.002,<0.0002,<0.0004,<0.01,<0.004,<0.1,<0.0006,<0.001,<0.001,<0.0002,<0.0006,<0.0003,<0.002,<0.001,<0.001,,0.16,0.72,,0.88,<0.005,<0.005,<0.01,<0.1,0.4,<0.02,,1.5,,0.079,,,4.4,,1100,,3400,<0.05,,,,,,,,,,,,,,,,,,,,,,,,,,,,,,,,,,,
11050,20170905,新村田橋,村田川,C,1015,流心（中央）,0.2,市原市,曇り,24.8,21.9,0.8,4.64,0.23,,>30.0,7.8,7.7,7.2,14,6,4.90E+04,,2.9,0.23,,,,,,,,,,,,<0.002,,,,,,,,,,,,,,,0.09,0.21,0.96,<0.1,1.1,,,,,,,,1,,0.078,,,4.6,,110,,250,<0.05,,,,,,,,,,,,,,,,,,,,,,,,,,,,,,,,,,,
11050,20171003,新村田橋,村田川,C,920,流心（中央）,0.2,市原市,曇り,21.8,20.6,0.8,5.09,0.19,,>30.0,7.7,7.1,0.8,4.7,19,7.90E+04,,1.9,0.062,,,,,,,,,,,,<0.002,,,,,,,,,,,,,,,,<0.03,0.83,,0.86,,,,,,,,0.72,,0.051,,,3.6,,1300,,4700,<0.05,,,,,,,,,,,,,,,,,,,,,,,,,,,,,,,,,,,
11050,20171107,新村田橋,村田川,C,1240,流心（中央）,0.2,市原市,晴れ,21.3,16.7,1.18,2.1,0.05,,>30.0,7.7,9.2,0.7,3.2,3,1.30E+04,,2.2,0.047,0.003,<0.00006,0.0007,<0.0003,<0.1,<0.001,<0.005,0.001,<0.0005,,<0.0005,<0.002,<0.0002,<0.0004,<0.01,<0.004,<0.1,<0.0006,<0.001,<0.001,<0.0002,<0.0006,<0.0003,<0.002,<0.001,<0.001,0.2,0.07,1.5,0.3,1.6,<0.005,<0.005,<0.01,<0.1,<0.1,<0.02,<0.0006,0.45,,0.039,,,2.1,,470,,1400,<0.05,<0.002,<0.001,,,,,,<0.0006,<0.004,<0.006,<0.02,<0.0008,<0.0005,<0.0003,<0.004,<0.004,<0.005,<0.0008,<0.0008,<0.003,<0.0008,<0.0001,<0.06,<0.04,<0.006,<0.007,<0.0002,<0.00004,0.08,0.0003,<0.001,<0.1,<0.00007,<0.002,<0.0003
11050,20171205,新村田橋,村田川,C,1150,流心（中央）,0.2,市原市,晴れ,13.5,13.2,0.7,4.01,0.1,,>30.0,7.7,9.5,1,2.5,1,3.30E+03,,2.3,0.059,,,,,,,,,,,,<0.002,,,,,,,,,,,,,,,,0.06,1.6,,1.6,,,,,,,,0.43,,0.052,,,2,,700,,2300,<0.05,,,,,,,,,,,,,,,,,,,,,,,,,,,,,,,,,,,
11050,20180115,新村田橋,村田川,C,1015,流心（中央）,0.2,市原市,晴れ,7.6,8.2,1.07,1.44,0.04,,>30.0,7.8,11,0.8,3.4,4,4.90E+03,,2.7,0.071,,,,,,,,,,,,<0.002,,,,,,,,,,,,,,,0.18,0.06,1.4,0.3,1.5,,,,,,,,0.99,,0.065,,,2.3,,590,,1900,<0.05,,,,,,,,,,,,,,,,,,,,,,,,,,,,,,,,,,,
11050,20180206,新村田橋,村田川,C,1510,流心（中央）,0.2,市原市,晴れ,8.5,9,0.88,2,0.06,,>30.0,7.8,11,0.6,2.8,1,7.90E+02,,2.5,0.071,0.004,,,<0.0003,<0.1,<0.001,<0.005,0.001,<0.0005,,<0.0005,<0.002,<0.0002,<0.0004,<0.01,<0.004,<0.1,<0.0006,<0.001,<0.001,<0.0002,<0.0006,<0.0003,<0.002,<0.001,<0.001,,0.06,1.7,,1.7,<0.005,<0.005,<0.01,<0.1,<0.1,<0.02,,0.39,,0.056,,,3.1,,610,,1900,<0.05,,,,,,,,,,,,,,,,,,,,,,,,,,,,,,,,,,,
11050,20180302,新村田橋,村田川,C,1130,流心（中央）,0.2,市原市,晴れ,13.8,12.1,0.76,3.9,0.16,,>30.0,7.8,10,3.3,6.2,15,2.40E+03,,2.5,0.1,,,,,,,,,,,,<0.002,,,,,,,,,,,,,,,,0.1,1.4,,1.5,,,,,,,,0.47,,0.046,,,4.4,,39,,52,<0.05,,,,,,,,,,,,,,,,,,,,,,,,,,,,,,,,,,,
11060,20170407,都橋,都川,E,800,流心（中央）,0.2,千葉市,雨,18.5,16.1,2.89,2.18,0.05,,>30.0,7.8,8.1,0.6,2.6,1,,,2.9,0.08,,,,,,,,,,,,,,,,,,,,,,,,,,,,,,,,,,,,,,,,,,,,,,,,,,,,,,,,,,,,,,,,,,,,,,,,,,,,,,,,,,,,
11060,20170511,都橋,都川,E,820,流心（中央）,0.2,千葉市,晴れ,22.5,18,2.86,5.44,0.14,,>30.0,7.7,7.3,0.7,3.9,2,,,2.7,0.11,0.004,<0.00006,0.0027,<0.0003,<0.1,<0.001,<0.005,<0.005,<0.0005,,,<0.002,<0.0002,<0.0004,<0.01,<0.004,<0.1,<0.0006,<0.001,<0.001,<0.0002,<0.0006,<0.0003,<0.002,<0.001,<0.005,0.17,0.07,2,0.6,2.1,,<0.005,<0.01,0.1,<0.1,<0.02,,0.22,,0.085,,,<2,,790,,2500,<0.05,,<0.001,,,,,,,,,,,,,,,,,,,,,,,,<0.007,,,,,,,,,
11060,20170614,都橋,都川,E,810,流心（中央）,0.2,千葉市,曇り,18.7,18,3.27,7.07,0.14,,>30.0,7.7,8.2,1.6,4.3,4,7.90E+04,<1,2.5,0.13,,,,,,,,,,,,,,,,,,,,,,,,,,,,,,,,<0.005,,,,,,<0.0006,,,,,,,,,,,,,,,,,,,<0.006,<0.004,<0.006,<0.02,<0.0008,<0.0005,<0.0003,<0.004,<0.004,<0.005,<0.0008,<0.0008,<0.003,<0.0008,<0.0001,<0.06,<0.04,<0.006,,<0.0002,<0.00004,0.05,0.0004,<0.001,<0.1,<0.00007,<0.002,<0.0003
11060,20170713,都橋,都川,E,800,流心（中央）,0.2,千葉市,晴れ,31.4,26,3.5,8.49,0.14,,>30.0,7.9,6.1,1.2,3.8,4,,,3.8,0.26,,,,<0.0003,<0.1,<0.001,<0.005,<0.005,<0.0005,,,<0.002,<0.0002,<0.0004,<0.01,<0.004,<0.1,<0.0006,<0.001,<0.001,<0.0002,,,,<0.001,,0.21,0.21,1.8,0.8,2,,,,,,,,0.87,,0.22,,,2,,970,,3000,<0.05,<0.002,,,,,,,,,,,,,,,,,,,,,,,,,,,,,,,,,,
11060,20170810,都橋,都川,E,1030,流心（中央）,0.2,千葉市,曇り,28.5,25.3,2.48,6.39,0.18,,>30.0,7.8,5.5,0.9,2.9,3,,,2.2,0.11,0.003,<0.00006,0.0044,,,,,,,,<0.0005,,,,,,,,,,,<0.0006,<0.0003,<0.002,,,,,,,,,,<0.01,0.1,0.1,<0.02,,,,,,,,,,,,,,,,,,,,,,,,,,,,,,,,,,,,,,,,,,,,,,,
11060,20170920,都橋,都川,E,810,流心（中央）,0.2,千葉市,曇り,24.2,21.6,2.95,7.83,0.18,,>30.0,7.7,5.8,0.8,3.4,3,4.90E+04,<1,2.7,0.095,,,,<0.0003,<0.1,<0.001,<0.005,<0.005,<0.0005,,,<0.002,<0.0002,<0.0004,<0.01,<0.004,<0.1,<0.0006,<0.001,<0.001,<0.0002,,,,<0.001,<0.005,0.22,0.06,1.9,1,2.1,,<0.005,,,,,,0.23,,0.081,,,<2,,1100,,3500,<0.05,,,,,,,,,,,,,,,,,,,,,,,,,,,,,,,,,,,
11060,20171006,都橋,都川,E,820,流心（中央）,0.2,千葉市,曇り,17.1,17.7,3.17,6.97,0.15,,>30.0,7.9,6.4,<0.5,2.6,2,,,3.3,0.1,,,,,,,,,,,,,,,,,,,,,,,,,,,,,,,,,,,,,,,,,,,,,,,,,,,,,,,,,,,,,,,,,,,,,,,,,,,,,,,,,,,,
11060,20171108,都橋,都川,E,820,流心（中央）,0.2,千葉市,雨,17.4,16.5,3.63,6.77,0.12,,>30.0,7.9,5.3,0.6,2.5,1,,,3.3,0.084,0.003,0.00014,0.0075,<0.0003,<0.1,<0.001,<0.005,<0.005,<0.0005,,,<0.002,<0.0002,<0.0004,<0.01,<0.004,<0.1,<0.0006,<0.001,<0.001,<0.0002,<0.0006,<0.0003,<0.002,<0.001,,0.12,0.09,2.6,0.3,2.7,,<0.005,<0.01,0.1,<0.1,<0.02,,0.44,,0.073,,,<2,,490,,1400,<0.05,,,,,,,,,,,,,,,,,,,,,,,,,,,,,,,,,,,
11060,20171208,都橋,都川,E,1030,流心（中央）,0.2,千葉市,曇り,7.6,9.4,3.77,6.49,0.12,,>30.0,7.9,9.2,0.7,2.3,1,7.90E+02,<1,2.8,0.083,,,,,,,,,,,,,,,,,,,,,,,,,,,,,,,,<0.005,,,,,,,,,,,,,,,,,,,,,,,,,,,,,,,,,,,,,,,,,,,,,,,,,,,,
11060,20180117,都橋,都川,E,755,流心（中央）,0.2,千葉市,曇り,7.6,9.5,3.34,7.46,0.14,,>30.0,7.8,10,1.4,1.9,2,,,2.8,0.099,,,,<0.0003,<0.1,<0.001,<0.005,<0.005,<0.0005,,,<0.002,<0.0002,<0.0004,<0.01,<0.004,<0.1,<0.0006,<0.001,<0.001,<0.0002,,,,<0.001,<0.005,0.14,0.04,2.7,0.4,2.8,,,,,,,,0.09,,0.083,,,<2,,530,,1500,0.05,,,,,,,,,,,,,,,,,,,,,,,,,,,,,,,,,,,
11060,20180214,都橋,都川,E,810,流心（中央）,0.2,千葉市,晴れ,3,7.1,3.03,4.7,0.11,,>30.0,7.9,10,0.8,1.7,<1,,,2.9,0.09,0.004,0.00008,0.0074,,,,,,,,,,,,,,,,,,,<0.0006,<0.0003,<0.002,,,,,,,,,,<0.01,0.2,<0.1,<0.02,,,,,,,,,,,,,,,,,,,,,,,,,,,,,,,,,,,,,,,,,,,,,,,
11060,20180314,都橋,都川,E,805,流心（中央）,0.2,千葉市,晴れ,13.9,12.8,1.42,4.55,0.13,,>30.0,7.8,8.7,0.7,2.7,1,4.90E+03,<1,3.1,0.08,,,,<0.0003,<0.1,<0.001,<0.005,<0.005,<0.0005,,,<0.002,<0.0002,<0.0004,<0.01,<0.004,<0.1,<0.0006,<0.001,<0.001,<0.0002,,,,<0.001,<0.005,0.12,0.06,2.6,0.3,2.7,,<0.005,,,,,,0.21,,0.068,,,<2,,420,,1100,<0.05,,,,,,,,,,,,,,,,,,,,,,,,,,,,,,,,,,,
11071,20170407,日本橋,葭川,E,820,流心（中央）,0.2,千葉市,雨,18.7,16.1,2.85,0.68,0.03,,>30.0,7.6,4.5,8.1,7,<1,,,15,0.011,,,,,,,,,,,,,,,,,,,,,,,,,,,,,,,,,,,,,,,,,,,,,,,,,,,,,,,,,,,,,,,,,,,,,,,,,,,,,,,,,,,,
11071,20170511,日本橋,葭川,E,850,流心（中央）,0.2,千葉市,晴れ,22.5,18.6,2.4,1.39,0.07,,>30.0,7.5,4.7,6.4,8.3,2,,,16,0.14,0.011,<0.00006,0.015,<0.0003,<0.1,<0.001,<0.005,<0.005,<0.0005,,,<0.002,<0.0002,<0.0004,<0.01,<0.004,<0.1,<0.0006,<0.001,<0.001,<0.0002,<0.0006,<0.0003,<0.002,<0.001,<0.005,0.1,1.1,3.3,0.5,4.5,,<0.005,<0.01,0.1,<0.1,<0.02,,10,,0.11,,,5,,830,,2600,0.11,,<0.001,,,,,,,,,,,,,,,,,,,,,,,,<0.007,,,,,,,,,
11071,20170614,日本橋,葭川,E,900,流心（中央）,0.2,千葉市,曇り,19.4,18.6,3.21,1.38,0.05,,>30.0,7.5,7.2,4.5,6.6,7,3.30E+05,<1,5.8,0.13,,,,,,,,,,,,,,,,,,,,,,,,,,,,,,,,<0.005,,,,,,<0.0006,,,,,,,,,,,,,,,,,,,<0.006,<0.004,<0.006,<0.02,<0.0008,<0.0005,0.0006,<0.004,<0.004,<0.005,<0.0008,<0.0008,<0.003,<0.0008,<0.0001,<0.06,<0.04,<0.006,,<0.0002,<0.00004,0.03,0.0002,<0.001,<0.1,<0.00007,<0.002,<0.0003
11071,20170713,日本橋,葭川,E,835,流心（中央）,0.2,千葉市,晴れ,31.5,26.7,3.38,1.27,0.05,,>30.0,8,5.3,2.4,8.5,4,,,16,0.13,,,,<0.0003,<0.1,<0.001,<0.005,<0.005,<0.0005,,,<0.002,<0.0002,<0.0004,<0.01,<0.004,<0.1,<0.0006,<0.001,<0.001,<0.0002,,,,<0.001,,<0.08,1.8,2.8,0.4,4.6,,,,,,,,9.8,,0.1,,,5,,790,,2500,0.07,<0.002,,,,,,,,,,,,,,,,,,,,,,,,,,,,,,,,,,
11071,20170810,日本橋,葭川,E,1055,流心（中央）,0.2,千葉市,曇り,29.7,25.4,2.19,1.94,0.1,,>30.0,7.6,3.3,2.6,6.3,2,,,14,0.12,0.009,<0.00006,0.024,,,,,,,,<0.0005,,,,,,,,,,,<0.0006,<0.0003,<0.002,,,,,,,,,,<0.01,0.1,<0.1,<0.02,,,,,,,,,,,,,,,,,,,,,,,,,,,,,,,,,,,,,,,,,,,,,,,
11071,20170920,日本橋,葭川,E,830,流心（中央）,0.2,千葉市,曇り,24,22.1,2.86,0.92,0.04,,>30.0,7.6,3.9,3.8,8.1,1,1.30E+05,<1,17,0.11,,,,<0.0003,<0.1,<0.001,<0.005,<0.005,<0.0005,,,<0.002,<0.0002,<0.0004,<0.01,<0.004,<0.1,<0.0006,<0.001,<0.001,<0.0002,,,,<0.001,<0.005,0.13,1,2.9,0.8,4,,<0.005,,,,,,11,,0.088,,,5,,1100,,3700,0.09,,,,,,,,,,,,,,,,,,,,,,,,,,,,,,,,,,,
11071,20171006,日本橋,葭川,E,850,流心（中央）,0.2,千葉市,曇り,18.4,17.5,2.76,1.77,0.09,,>30.0,7.7,4.5,7.9,8,1,,,21,0.11,,,,,,,,,,,,,,,,,,,,,,,,,,,,,,,,,,,,,,,,,,,,,,,,,,,,,,,,,,,,,,,,,,,,,,,,,,,,,,,,,,,,
11071,20171108,日本橋,葭川,E,850,流心（中央）,0.2,千葉市,雨,17.9,17.5,3.7,-0.13,<0.01,,>30.0,7.7,8.8,6.2,7.4,<1,,,16,0.1,0.007,0.00016,0.01,<0.0003,<0.1,<0.001,<0.005,<0.005,<0.0005,,,<0.002,<0.0002,<0.0004,<0.01,<0.004,<0.1,<0.0006,<0.001,<0.001,<0.0002,<0.0006,<0.0003,<0.002,<0.001,,<0.08,1.6,3.7,0.3,5.4,,<0.005,<0.01,0.1,<0.1,<0.02,,10,,0.083,,,4,,650,,1900,0.09,,,,,,,,,,,,,,,,,,,,,,,,,,,,,,,,,,,
11071,20171208,日本橋,葭川,E,1100,流心（中央）,0.2,千葉市,曇り,7.8,9.6,3.32,1.67,0.06,,>30.0,7.6,5.2,5,9.5,1,1.10E+03,<1,17,0.28,,,,,,,,,,,,,,,,,,,,,,,,,,,,,,,,<0.005,,,,,,,,,,,,,,,,,,,,,,,,,,,,,,,,,,,,,,,,,,,,,,,,,,,,
11071,20180117,日本橋,葭川,E,820,流心（中央）,0.2,千葉市,曇り,8.2,10.3,3.26,1.44,0.06,,>30.0,7.6,10,8,7.7,1,,,16,0.11,,,,<0.0003,<0.1,<0.001,<0.005,<0.005,<0.0005,,,<0.002,<0.0002,<0.0004,<0.01,<0.004,<0.1,<0.0006,<0.001,<0.001,<0.0002,,,,<0.001,<0.005,0.09,1.7,3.3,0.5,5.1,,,,,,,,11,,0.092,,,5,,850,,2600,0.11,,,,,,,,,,,,,,,,,,,,,,,,,,,,,,,,,,,
11071,20180214,日本橋,葭川,E,850,流心（中央）,0.2,千葉市,晴れ,5.8,6.9,2.8,0.04,<0.01,,>30.0,7.6,5.8,8.2,8.6,1,,,19,0.1,0.007,<0.00006,0.022,,,,,,,,,,,,,,,,,,,<0.0006,<0.0003,<0.002,,,,,,,,,,<0.01,0.1,<0.1,<0.02,,,,,,,,,,,,,,,,,,,,,,,,,,,,,,,,,,,,,,,,,,,,,,,
11071,20180314,日本橋,葭川,E,835,流心（中央）,0.2,千葉市,晴れ,14.7,12.8,2.78,0.83,0.04,,>30.0,7.9,5,8.8,8.4,1,1.70E+04,<1,16,0.11,,,,<0.0003,<0.1,<0.001,<0.005,<0.005,<0.0005,,,<0.002,<0.0002,<0.0004,<0.01,<0.004,<0.1,<0.0006,<0.001,<0.001,<0.0002,,,,<0.001,<0.005,0.08,1,3.6,0.4,5.2,,<0.005,,,,,,10,,0.086,,,5,,700,,1900,0.1,,,,,,,,,,,,,,,,,,,,,,,,,,,,,,,,,,,
11080,20170419,新花見川橋,印旛放水路下流,C,1110,流心（中央）,0.2,千葉市,晴れ,22.9,18.6,3.47,16.4,0.14,,>30.0,7.9,10,4.4,6.1,10,,,2.7,0.16,,,,,,,,,,,,,,,,,,,,,,,,,,,,,,,,,,,,,,,,,,,,,,,,,,,,,,,,,,,,,,,,,,,,,,,,,,,,,,,,,,,,
11080,20170517,新花見川橋,印旛放水路下流,C,1030,流心（中央）,0.2,千葉市,曇り,19.2,19.6,3.43,13.6,0.13,,>30.0,7.6,4.5,1.4,3.6,3,,,2.2,0.13,0.008,<0.00006,<0.0006,<0.0003,<0.1,<0.001,<0.005,<0.005,<0.0005,,,<0.002,<0.0002,<0.0004,<0.01,<0.004,<0.1,<0.0006,<0.001,<0.001,<0.0002,<0.0006,<0.0003,<0.002,<0.001,<0.005,0.52,0.08,1.3,2.4,1.4,,<0.005,<0.01,<0.1,0.1,<0.02,,0.46,,0.11,,,2,,2400,,8500,<0.05,,<0.001,,,,,,,,,,,,,,,,,,,,,,,,<0.007,,,,,,,,,
11080,20170615,新花見川橋,印旛放水路下流,C,1055,流心（中央）,0.2,千葉市,曇り,25,22.8,3.12,12.8,0.12,,>30.0,7.7,5.9,1.5,7,6,4.60E+04,<1,2.4,0.13,,,,,,,,,,,,,,,,,,,,,,,,,,,,,,,,<0.005,,,,,,<0.0006,,,,,,,,,,,,,,,,,,,<0.006,<0.004,<0.006,<0.02,<0.0008,<0.0005,<0.0003,<0.004,<0.004,<0.005,<0.0008,<0.0008,<0.003,<0.0008,<0.0001,<0.06,<0.04,<0.006,,<0.0002,<0.00004,0.07,0.001,<0.001,<0.1,<0.00007,<0.002,<0.0003
11080,20170728,新花見川橋,印旛放水路下流,C,1225,流心（中央）,0.2,千葉市,晴れ,32.7,28.1,2.57,6.47,0.07,,>30.0,7.9,4.1,2.5,5.9,5,,,1.9,0.23,,,,<0.0003,<0.1,<0.001,<0.005,<0.005,<0.0005,,,<0.002,<0.0002,<0.0004,<0.01,<0.004,<0.1,<0.0006,<0.001,<0.001,<0.0002,,,,<0.001,,0.55,0.05,0.82,1.8,0.87,,,,,,,,0.79,,0.17,,,2,,2400,,8400,<0.05,<0.002,,,,,,,,,,,,,,,,,,,,,,,,,,,,,,,,,,
11080,20170804,新花見川橋,印旛放水路下流,C,825,流心（中央）,0.2,千葉市,曇り,28.3,26.3,2.42,2.07,0.02,,>30.0,7.7,4,2.9,3.4,5,,,1.5,0.47,0.003,0.00006,<0.0006,,,,,,,,<0.0005,,,,,,,,,,,<0.0006,<0.0003,<0.002,,,,,,,,,,<0.01,<0.1,<0.1,<0.02,,,,,,,,,,,,,,,,,,,,,,,,,,,,,,,,,,,,,,,,,,,,,,,
11080,20170907,新花見川橋,印旛放水路下流,C,1030,流心（中央）,0.2,千葉市,曇り,26,24.3,2.8,9.52,0.11,,>30.0,7.7,4,1.1,3.6,4,2.20E+03,<1,2,0.17,,,,<0.0003,<0.1,<0.001,<0.005,<0.005,<0.0005,,,<0.002,<0.0002,<0.0004,<0.01,<0.004,<0.1,<0.0006,<0.001,<0.001,<0.0002,,,,<0.001,<0.005,0.52,0.05,1.3,2.2,1.4,,<0.005,,,,,,0.41,,0.15,,,<2,,2300,,8200,<0.05,,,,,,,,,,,,,,,,,,,,,,,,,,,,,,,,,,,
11080,20171027,新花見川橋,印旛放水路下流,C,1025,流心（中央）,0.2,千葉市,晴れ,19.4,16.5,4.12,14.8,0.13,,>30.0,7.5,9.4,0.8,4.2,6,,,2.3,0.096,,,,,,,,,,,,,,,,,,,,,,,,,,,,,,,,,,,,,,,,,,,,,,,,,,,,,,,,,,,,,,,,,,,,,,,,,,,,,,,,,,,,
11080,20171102,新花見川橋,印旛放水路下流,C,825,流心（中央）,0.2,千葉市,晴れ,15.1,15.6,3.16,10.2,0.11,,>30.0,7.7,8,0.9,2.9,5,,,2.5,0.083,0.005,0.00023,0.0008,<0.0003,<0.1,<0.001,<0.005,<0.005,<0.0005,,,<0.002,<0.0002,<0.0004,<0.01,<0.004,<0.1,<0.0006,<0.001,<0.001,<0.0002,<0.0006,<0.0003,<0.002,<0.001,,0.17,0.03,1.9,0.7,2,,<0.005,<0.01,<0.1,<0.1,<0.02,,0.17,,0.079,,,<2,,930,,2900,<0.05,,,,,,,,,,,,,,,,,,,,,,,,,,,,,,,,,,,
11080,20171201,新花見川橋,印旛放水路下流,C,800,流心（中央）,0.2,千葉市,曇り,8.9,11.8,4,6.69,0.07,,>30.0,7.7,7.1,0.6,2.8,2,1.70E+03,<1,2.4,0.099,,,,,,,,,,,,,,,,,,,,,,,,,,,,,,,,<0.005,,,,,,,,,,,,,,,,,,,,,,,,,,,,,,,,,,,,,,,,,,,,,,,,,,,,
11080,20180119,新花見川橋,印旛放水路下流,C,955,流心（中央）,0.2,千葉市,晴れ,9.1,8.2,3.4,19.1,0.17,,>30.0,7.7,9.9,1.8,4,4,,,3.6,0.13,,,,<0.0003,<0.1,<0.001,<0.005,<0.005,<0.0005,,,<0.002,<0.0002,<0.0004,<0.01,<0.004,<0.1,<0.0006,<0.001,0.001,<0.0002,,,,<0.001,<0.005,0.29,0.08,2.8,1.1,3,,,,,,,,0.25,,0.11,,,2,,1100,,3600,0.05,,,,,,,,,,,,,,,,,,,,,,,,,,,,,,,,,,,
11080,20180215,新花見川橋,印旛放水路下流,C,830,流心（中央）,0.2,千葉市,晴れ,11.6,7.8,3.57,17.3,0.15,,>30.0,7.9,11,2.6,4.7,8,,,4.3,0.13,0.013,0.00008,0.01,,,,,,,,,,,,,,,,,,,<0.0006,<0.0003,<0.002,,,,,,,,,,<0.01,0.1,<0.1,<0.02,,,,,,,,,,,,,,,,,,,,,,,,,,,,,,,,,,,,,,,,,,,,,,,
11080,20180308,新花見川橋,印旛放水路下流,C,1000,流心（中央）,0.2,千葉市,雨,4.8,8.4,3.64,17.8,0.15,,>30.0,7.9,9.4,1.9,4.1,3,1.40E+03,<1,2.5,0.11,,,,<0.0003,<0.1,<0.001,<0.005,<0.005,<0.0005,,,<0.002,<0.0002,<0.0004,<0.01,<0.004,<0.1,<0.0006,<0.001,<0.001,<0.0002,,,,<0.001,<0.005,0.28,0.07,1.7,1.5,1.8,,<0.005,,,,,,0.22,,0.081,,,2,,1600,,4900,<0.05,,,,,,,,,,,,,,,,,,,,,,,,,,,,,,,,,,,
11090,20170420,八千代橋,海老川,E,915,流心（中央）,0.4,船橋市,晴れ,20.3,15,2.34,1.01,0.08,,>30.0,7.6,5.9,1.9,5.2,2,,,6.8,0.36,0.012,,0.017,,,,,,,,,,,,,,,,,,,,,,,,0.17,0.22,4.6,,4.9,,,,,,,,0.99,,0.32,,,2.7,,720,,2000,<0.05,,,,,,,,,,,,,,,,,,,,,,,,,,,,,,,,,,,
11090,20170420,八千代橋,海老川,E,1310,流心（中央）,0.3,船橋市,晴れ,22.4,17,1.89,1.28,0.06,,>30.0,7.7,7.1,1.7,3.7,2,,,7,0.39,,,,,,,,,,,,,,,,,,,,,,,,,,,,,,,,,,,,,,,,,,,,2.5,,590,,1600,,,,,,,,,,,,,,,,,,,,,,,,,,,,,,,,,,,,
11090,20170511,八千代橋,海老川,E,913,流心（中央）,0.3,船橋市,晴れ,22.6,18.6,1.61,2.36,0.14,,>30.0,7.5,4.5,1.7,5.2,2,,,6.7,0.47,,,,,,,,,,,,,,,,,,,,,,,,,,,,0.4,4.5,,4.9,,,,,,,,1.3,,0.44,,,3,,860,,2500,<0.05,,,,,,,,,,,,,,,,,,,,,,,,,,,,,,,,,,,
11090,20170511,八千代橋,海老川,E,1320,流心（中央）,0.3,船橋市,晴れ,25.5,22.3,1.7,0,0,,>30.0,7.6,5.3,2.5,5.2,5,,,5,0.45,,,,,,,,,,,,,,,,,,,,,,,,,,,,,,,,,,,,,,,,,,,,3.4,,1700,,5400,,,,,,,,,,,,,,,,,,,,,,,,,,,,,,,,,,,,
11090,20170517,八千代橋,海老川,E,1000,流心（中央）,0.4,船橋市,曇り,19.5,18,2.29,5.03,0.13,,>30.0,7.6,5.2,1.5,5.1,2,,,6.2,0.48,,,,,,,,,,,,,,,,,,,,,,,,,,,,,,,,,,,,,,,,,,,,,,,,3600,,,,,,,,,,,,,,,,,,,,,,,,,,,,,,,,,,,,
11090,20170517,八千代橋,海老川,E,1200,流心（中央）,0.3,船橋市,曇り,22.2,18.6,1.86,3.25,0.11,,>30.0,7.6,5.1,1.4,4.9,2,,,6.3,0.48,,,,,,,,,,,,,,,,,,,,,,,,,,,,,,,,,,,,,,,,,,,,,,,,3800,,,,,,,,,,,,,,,,,,,,,,,,,,,,,,,,,,,,
11090,20170517,八千代橋,海老川,E,1400,流心（中央）,0.2,船橋市,曇り,20.3,18.7,1.43,0.76,0.07,,>30.0,7.6,5.5,1.2,4.4,2,,,6.1,0.47,,,,,,,,,,,,,,,,,,,,,,,,,,,,,,,,,,,,,,,,,,,,,,,,4200,,,,,,,,,,,,,,,,,,,,,,,,,,,,,,,,,,,,
11090,20170517,八千代橋,海老川,E,1600,流心（中央）,0.2,船橋市,曇り,18.9,17.6,1.47,0,0,,>30.0,7.6,5,1.3,4,2,,,4.8,0.48,,,,,,,,,,,,,,,,,,,,,,,,,,,,,,,,,,,,,,,,,,,,,,,,7400,,,,,,,,,,,,,,,,,,,,,,,,,,,,,,,,,,,,
11090,20170517,八千代橋,海老川,E,1800,流心（中央）,0.3,船橋市,曇り,17.2,17.1,1.94,0.64,0.05,,>30.0,7.7,5.5,1.3,4.4,2,,,5.3,0.48,,,,,,,,,,,,,,,,,,,,,,,,,,,,,,,,,,,,,,,,,,,,,,,,6000,,,,,,,,,,,,,,,,,,,,,,,,,,,,,,,,,,,,
11090,20170517,八千代橋,海老川,E,2000,流心（中央）,0.4,船橋市,曇り,16.2,16.9,2.39,0,0,,>30.0,7.7,6.5,1.5,4.5,2,,,6.3,0.47,,,,,,,,,,,,,,,,,,,,,,,,,,,,,,,,,,,,,,,,,,,,,,,,2400,,,,,,,,,,,,,,,,,,,,,,,,,,,,,,,,,,,,
11090,20170517,八千代橋,海老川,E,2200,流心（中央）,0.4,船橋市,曇り,14.9,16.4,2.46,0,0,,>30.0,7.7,5.9,1.7,5.1,2,,,6.2,0.47,,,,,,,,,,,,,,,,,,,,,,,,,,,,,,,,,,,,,,,,,,,,,,,,2500,,,,,,,,,,,,,,,,,,,,,,,,,,,,,,,,,,,,
11090,20170518,八千代橋,海老川,E,0,流心（中央）,0.4,船橋市,曇り,15,16.5,2.31,0,0,,>30.0,7.6,5.9,1.7,5.3,3,,,6.4,0.53,,,,,,,,,,,,,,,,,,,,,,,,,,,,,,,,,,,,,,,,,,,,,,,,2300,,,,,,,,,,,,,,,,,,,,,,,,,,,,,,,,,,,,
11090,20170518,八千代橋,海老川,E,200,流心（中央）,0.4,船橋市,曇り,15.2,16.4,2.11,0.62,0.06,,>30.0,7.6,5.7,1.7,5.3,2,,,6.4,0.5,,,,,,,,,,,,,,,,,,,,,,,,,,,,,,,,,,,,,,,,,,,,,,,,2200,,,,,,,,,,,,,,,,,,,,,,,,,,,,,,,,,,,,
11090,20170518,八千代橋,海老川,E,400,流心（中央）,0.4,船橋市,曇り,15.2,16.3,2.09,0,0,,>30.0,7.6,5.1,1.7,4.6,2,,,6.3,0.47,,,,,,,,,,,,,,,,,,,,,,,,,,,,,,,,,,,,,,,,,,,,,,,,2900,,,,,,,,,,,,,,,,,,,,,,,,,,,,,,,,,,,,
11090,20170518,八千代橋,海老川,E,600,流心（中央）,0.4,船橋市,曇り,19.8,16.7,2.31,1.59,0.05,,>30.0,7.6,5.6,1.9,4.5,2,,,6.5,0.47,,,,,,,,,,,,,,,,,,,,,,,,,,,,,,,,,,,,,,,,,,,,,,,,1400,,,,,,,,,,,,,,,,,,,,,,,,,,,,,,,,,,,,
11090,20170518,八千代橋,海老川,E,800,流心（中央）,0.4,船橋市,曇り,21.6,18.5,2.46,1.51,0.04,,>30.0,7.6,5.4,1.5,4.1,2,,,6.1,0.48,,,,,,,,,,,,,,,,,,,,,,,,,,,,,,,,,,,,,,,,,,,,,,,,3100,,,,,,,,,,,,,,,,,,,,,,,,,,,,,,,,,,,,
11090,20170518,八千代橋,海老川,E,1000,流心（中央）,0.4,船橋市,曇り,22.8,20.1,2.32,1.82,0.05,,>30.0,7.6,5.4,1.4,4.9,2,,,6.5,0.52,,,,,,,,,,,,,,,,,,,,,,,,,,,,,,,,,,,,,,,,,,,,,,,,3100,,,,,,,,,,,,,,,,,,,,,,,,,,,,,,,,,,,,
11090,20170615,八千代橋,海老川,E,915,流心（中央）,0.4,船橋市,曇り,23.7,20.2,2.42,4.21,0.1,,>30.0,7.7,5.3,1.5,5.8,1,3.50E+05,<0.5,6.1,0.41,0.007,<0.00006,0.016,<0.0003,<0.1,<0.001,<0.005,<0.001,<0.0005,,<0.0005,<0.002,<0.0002,<0.0004,<0.01,<0.004,<0.1,<0.0006,<0.001,<0.001,<0.0002,<0.0006,<0.0003,<0.002,<0.001,<0.001,0.17,0.24,4.8,0.7,5,<0.005,<0.005,<0.01,<0.1,<0.1,<0.02,<0.0006,0.6,,0.37,,,3.2,,940,,2700,<0.05,<0.002,<0.001,,,,,,<0.0006,<0.004,<0.006,<0.02,<0.0008,<0.0005,<0.0003,<0.004,<0.004,<0.005,<0.0008,<0.0008,<0.003,<0.0008,<0.0001,<0.06,<0.04,<0.006,<0.007,<0.0002,<0.00004,0.05,0.0005,<0.001,<0.1,<0.00007,<0.002,<0.0003
11090,20170615,八千代橋,海老川,E,1315,流心（中央）,0.3,船橋市,曇り,25.8,22.3,1.53,2.52,0.1,,>30.0,7.7,5.5,1.5,5.2,3,3.30E+04,,5.8,0.43,,,,,,,,,,,,,,,,,,,,,,,,,,,,,,,,,,,,,,,,,,,,3.1,,1200,,4000,,,,,,,,,,,,,,,,,,,,,,,,,,,,,,,,,,,,
11090,20170712,八千代橋,海老川,E,915,流心（中央）,0.4,船橋市,晴れ,27.5,26.9,2.37,5.6,0.14,,>30.0,7.7,4.5,1.6,5.5,2,,,6.3,0.48,,,,,,,,,,,,,,,,,,,,,,,,,,,,0.36,4.3,,4.7,,,,,,,,1,,0.45,,,2.7,,410,,1100,<0.05,,,,,,,,,,,,,,,,,,,,,,,,,,,,,,,,,,,
11090,20170712,八千代橋,海老川,E,1317,流心（中央）,0.3,船橋市,晴れ,32.8,26.9,1.53,2.01,0.08,,>30.0,7.7,5,1.6,5.2,3,,,6.9,0.52,,,,,,,,,,,,,,,,,,,,,,,,,,,,,,,,,,,,,,,,,,,,2.8,,550,,1600,,,,,,,,,,,,,,,,,,,,,,,,,,,,,,,,,,,,
11090,20170824,八千代橋,海老川,E,915,流心（中央）,0.4,船橋市,曇り,32.8,26.9,2.12,5.64,0.15,,>30.0,7.9,5.9,1.8,5.6,2,3.30E+04,<0.5,6.4,0.49,0.01,<0.00006,0.0073,<0.0003,<0.1,<0.001,<0.005,<0.001,<0.0005,,,<0.002,<0.0002,<0.0004,<0.01,<0.004,<0.1,<0.0006,<0.001,<0.001,,,,,,<0.001,0.17,0.27,5.2,,5.5,,<0.005,<0.01,<0.1,<0.1,<0.02,,0.35,,0.46,,,3,,740,,2200,<0.05,,,,,,,,,,,,,,,,,,,,,,,,,,,,,,,,,,,
11090,20170824,八千代橋,海老川,E,1335,流心（中央）,0.3,船橋市,曇り,36.3,28.9,1.6,0,0,,>30.0,8.1,8.5,3.5,5.9,7,2.40E+04,,5.1,0.43,,,,,,,,,,,,,,,,,,,,,,,,,,,,,,,,,,,,,,,,,,,,3.2,,1300,,4300,,,,,,,,,,,,,,,,,,,,,,,,,,,,,,,,,,,,
11090,20170914,八千代橋,海老川,E,913,流心（中央）,0.4,船橋市,晴れ,27.2,24.3,2.29,0,0,,>30.0,7.6,4.6,1.4,4.7,2,,,5.8,0.41,,,,,,,,,,,,,,,,,,,,,,,,,,,,0.23,4.1,,4.3,,,,,,,,0.61,,0.39,,,2.6,,1100,,3500,<0.05,,,,,,,,,,,,,,,,,,,,,,,,,,,,,,,,,,,
11090,20170914,八千代橋,海老川,E,1309,流心（中央）,0.4,船橋市,晴れ,28.4,26.8,2.49,2.11,0.05,,>30.0,7.7,4.8,2.1,5,3,,,4.9,0.41,,,,,,,,,,,,,,,,,,,,,,,,,,,,,,,,,,,,,,,,,,,,2.8,,1500,,4900,,,,,,,,,,,,,,,,,,,,,,,,,,,,,,,,,,,,
11090,20170925,八千代橋,海老川,E,1000,流心（中央）,0.5,船橋市,晴れ,25.6,23.6,2.63,2.73,0.1,,>30.0,7.6,4.9,1.6,5.2,2,,,7,0.41,,,,,,,,,,,,,,,,,,,,,,,,,,,,,,,,,,,,,,,,,,,,,,,,2100,,,,,,,,,,,,,,,,,,,,,,,,,,,,,,,,,,,,
11090,20170925,八千代橋,海老川,E,1200,流心（中央）,0.4,船橋市,晴れ,30.2,24.9,2.26,3,0.08,,>30.0,7.6,5.9,1.1,4.1,2,,,7.5,0.4,,,,,,,,,,,,,,,,,,,,,,,,,,,,,,,,,,,,,,,,,,,,,,,,1500,,,,,,,,,,,,,,,,,,,,,,,,,,,,,,,,,,,,
11090,20170925,八千代橋,海老川,E,1400,流心（中央）,0.3,船橋市,晴れ,29.5,26,1.99,2.21,0.1,,>30.0,7.7,6.4,1.3,4.8,2,,,6.6,0.38,,,,,,,,,,,,,,,,,,,,,,,,,,,,,,,,,,,,,,,,,,,,,,,,2300,,,,,,,,,,,,,,,,,,,,,,,,,,,,,,,,,,,,
11090,20170925,八千代橋,海老川,E,1600,流心（中央）,0.4,船橋市,晴れ,27.4,24.6,2.41,0.11,0.01,,>30.0,7.7,6.4,1.2,4.6,2,,,7.1,0.37,,,,,,,,,,,,,,,,,,,,,,,,,,,,,,,,,,,,,,,,,,,,,,,,2700,,,,,,,,,,,,,,,,,,,,,,,,,,,,,,,,,,,,
11090,20170925,八千代橋,海老川,E,1800,流心（中央）,0.5,船橋市,晴れ,25.5,23.5,2.93,1.11,0.08,,>30.0,7.7,6.5,1.4,4.4,2,,,6.4,0.36,,,,,,,,,,,,,,,,,,,,,,,,,,,,,,,,,,,,,,,,,,,,,,,,3100,,,,,,,,,,,,,,,,,,,,,,,,,,,,,,,,,,,,
11090,20170925,八千代橋,海老川,E,2000,流心（中央）,0.5,船橋市,晴れ,24.6,23.1,2.88,0.66,0.05,,>30.0,7.7,6.6,1.3,4.8,3,,,6.3,0.39,,,,,,,,,,,,,,,,,,,,,,,,,,,,,,,,,,,,,,,,,,,,,,,,2600,,,,,,,,,,,,,,,,,,,,,,,,,,,,,,,,,,,,
11090,20170925,八千代橋,海老川,E,2200,流心（中央）,0.5,船橋市,晴れ,22.9,22.6,2.5,1.84,0.07,,>30.0,7.7,6,1.7,4.7,2,,,7.7,0.52,,,,,,,,,,,,,,,,,,,,,,,,,,,,,,,,,,,,,,,,,,,,,,,,1400,,,,,,,,,,,,,,,,,,,,,,,,,,,,,,,,,,,,
11090,20170926,八千代橋,海老川,E,0,流心（中央）,0.3,船橋市,晴れ,22.3,22.5,1.88,1.84,0.06,,>30.0,7.7,5.7,1.5,4.9,2,,,7.1,0.47,,,,,,,,,,,,,,,,,,,,,,,,,,,,,,,,,,,,,,,,,,,,,,,,1400,,,,,,,,,,,,,,,,,,,,,,,,,,,,,,,,,,,,
11090,20170926,八千代橋,海老川,E,200,流心（中央）,0.3,船橋市,晴れ,21.2,21.7,1.74,1.12,0.05,,>30.0,7.6,5.4,1.8,5.5,2,,,7.1,0.41,,,,,,,,,,,,,,,,,,,,,,,,,,,,,,,,,,,,,,,,,,,,,,,,2700,,,,,,,,,,,,,,,,,,,,,,,,,,,,,,,,,,,,
11090,20170926,八千代橋,海老川,E,400,流心（中央）,0.4,船橋市,晴れ,20,21.2,2,0,0,,>30.0,7.6,5.5,1.9,5,2,,,6.6,0.46,,,,,,,,,,,,,,,,,,,,,,,,,,,,,,,,,,,,,,,,,,,,,,,,2700,,,,,,,,,,,,,,,,,,,,,,,,,,,,,,,,,,,,
11090,20170926,八千代橋,海老川,E,600,流心（中央）,0.4,船橋市,晴れ,20.6,21.4,2.38,0.03,0.01,,>30.0,7.6,5,1.6,5.2,2,,,6,0.37,,,,,,,,,,,,,,,,,,,,,,,,,,,,,,,,,,,,,,,,,,,,,,,,4000,,,,,,,,,,,,,,,,,,,,,,,,,,,,,,,,,,,,
11090,20170926,八千代橋,海老川,E,800,流心（中央）,0.5,船橋市,晴れ,24.2,22.2,2.74,0.82,0.04,,>30.0,7.6,4.5,1.8,5,3,,,5.4,0.43,,,,,,,,,,,,,,,,,,,,,,,,,,,,,,,,,,,,,,,,,,,,,,,,4500,,,,,,,,,,,,,,,,,,,,,,,,,,,,,,,,,,,,
11090,20170926,八千代橋,海老川,E,1000,流心（中央）,0.5,船橋市,晴れ,24.8,24.6,2.61,0.43,0.03,,>30.0,7.6,5.3,2.2,5.2,3,,,5.1,0.39,,,,,,,,,,,,,,,,,,,,,,,,,,,,,,,,,,,,,,,,,,,,,,,,5400,,,,,,,,,,,,,,,,,,,,,,,,,,,,,,,,,,,,
11090,20171011,八千代橋,海老川,E,914,流心（中央）,0.5,船橋市,曇り,24.3,21.8,2.75,3.18,0.17,,>30.0,7.6,5.8,1.7,4.8,2,,,5.5,0.38,0.007,,0.01,,,,,,,,,,,,,,,,,,,,,,,,0.23,0.22,4.3,,4.5,,,,,,,,0.86,,0.34,,,2.9,,1200,,3700,<0.05,,,,,,,,,,,,,,,,,,,,,,,,,,,,,,,,,,,
11090,20171011,八千代橋,海老川,E,1310,流心（中央）,0.4,船橋市,曇り,25.6,22.1,2.29,1.65,0.11,,>30.0,7.6,6.2,1.5,4.7,2,,,6.2,0.37,,,,,,,,,,,,,,,,,,,,,,,,,,,,,,,,,,,,,,,,,,,,2.7,,720,,2100,,,,,,,,,,,,,,,,,,,,,,,,,,,,,,,,,,,,
11090,20171101,八千代橋,海老川,E,912,流心（中央）,0.3,船橋市,晴れ,13.9,14.8,1.72,0.94,0.11,,>30.0,7.7,6.8,1.2,2.7,1,,,6.6,0.19,,,,,,,,,,,,,,,,,,,,,,,,,,,,0.16,5.5,,5.6,,,,,,,,0.6,,0.19,,,2.1,,600,,1700,<0.05,,,,,,,,,,,,,,,,,,,,,,,,,,,,,,,,,,,
11090,20171101,八千代橋,海老川,E,1312,流心（中央）,0.5,船橋市,晴れ,19.2,16.1,2.73,0,0,,>30.0,7.7,7.2,1.2,2.8,2,,,6.3,0.18,,,,,,,,,,,,,,,,,,,,,,,,,,,,,,,,,,,,,,,,,,,,2.2,,550,,1500,,,,,,,,,,,,,,,,,,,,,,,,,,,,,,,,,,,,
11090,20171212,八千代橋,海老川,E,910,流心（中央）,0.4,船橋市,晴れ,7.4,9.2,2.41,0,0,,>30.0,7.7,7.5,2.9,5.1,2,7.90E+04,<0.5,7.5,0.37,0.009,<0.00006,0.028,<0.0003,<0.1,0.001,<0.005,<0.001,<0.0005,,,<0.002,<0.0002,<0.0004,<0.01,<0.004,<0.1,<0.0006,<0.001,<0.001,<0.0002,<0.0006,<0.0003,<0.002,<0.001,<0.001,<0.08,0.27,6.5,0.2,6.7,<0.005,<0.005,<0.01,<0.1,<0.1,<0.02,,0.6,,0.34,,,2.7,,310,,820,<0.05,,,,,,,,,,,,,,,,,,,,,,,,,,,,,,,,,,,
11090,20171212,八千代橋,海老川,E,1315,流心（中央）,0.5,船橋市,晴れ,9.7,11.4,2.53,3.12,0.13,,>30.0,7.7,8.3,1.9,4.4,2,2.40E+04,,7.5,0.35,,,,,,,,,,,,,,,,,,,,,,,,,,,,,,,,,,,,,,,,,,,,2.5,,230,,590,,,,,,,,,,,,,,,,,,,,,,,,,,,,,,,,,,,,
11090,20180111,八千代橋,海老川,E,915,流心（中央）,0.4,船橋市,晴れ,6.3,7.2,2.31,0.9,0.11,,>30.0,7.6,7.7,4.5,5.4,2,,,9,0.42,,,,,,,,,,,,,,,,,,,,,,,,,,,,0.32,5.9,,6.2,,,,,,,,1.3,,0.4,,,2.4,,250,,660,<0.05,,,,,,,,,,,,,,,,,,,,,,,,,,,,,,,,,,,
11090,20180111,八千代橋,海老川,E,1316,流心（中央）,0.4,船橋市,晴れ,11,9.8,2.44,2.69,0.08,,>30.0,7.6,7.7,2.6,4.5,1,,,10,0.45,,,,,,,,,,,,,,,,,,,,,,,,,,,,,,,,,,,,,,,,,,,,2.4,,300,,790,,,,,,,,,,,,,,,,,,,,,,,,,,,,,,,,,,,,
11090,20180207,八千代橋,海老川,E,915,流心（中央）,0.5,船橋市,晴れ,1.3,6,2.83,2.19,0.32,,>30.0,7.6,7.7,1.5,4.3,2,1.30E+05,<0.5,9.7,0.38,0.006,0.00017,0.033,<0.0003,<0.1,<0.001,<0.005,<0.001,<0.0005,,,<0.002,<0.0002,<0.0004,<0.01,<0.004,<0.1,<0.0006,<0.001,<0.001,,,,,,<0.001,0.25,0.21,5.1,,5.4,,<0.005,<0.01,0.1,<0.1,<0.02,,1.3,,0.33,,,2.8,,1200,,1800,<0.05,,,,,,,,,,,,,,,,,,,,,,,,,,,,,,,,,,,
11090,20180207,八千代橋,海老川,E,1310,流心（中央）,0.3,船橋市,晴れ,9.6,8.2,1.99,3.59,0.12,,>30.0,7.6,8.9,2.1,4.3,2,2.20E+04,,11,0.45,,,,,,,,,,,,,,,,,,,,,,,,,,,,,,,,,,,,,,,,,,,,2.8,,420,,1100,,,,,,,,,,,,,,,,,,,,,,,,,,,,,,,,,,,,
11090,20180313,八千代橋,海老川,E,914,流心（中央）,0.3,船橋市,晴れ,11.9,11.3,1.86,1.85,0.14,,>30.0,7.5,6.9,2.2,3.6,2,,,8.5,0.32,,,,,,,,,,,,,,,,,,,,,,,,,,,,0.24,5.4,,5.7,,,,,,,,1.4,,0.31,,,2.5,,530,,1500,<0.05,,,,,,,,,,,,,,,,,,,,,,,,,,,,,,,,,,,
11090,20180313,八千代橋,海老川,E,1316,流心（中央）,0.4,船橋市,晴れ,15.6,13.9,2.22,0.43,0.05,,>30.0,7.6,7.8,2.5,4.1,2,,,7.9,0.32,,,,,,,,,,,,,,,,,,,,,,,,,,,,,,,,,,,,,,,,,,,,2.4,,380,,1000,,,,,,,,,,,,,,,,,,,,,,,,,,,,,,,,,,,,
