地点コード,測定年月日,地点名称(漢字),水域名称(漢字),類型,測定時刻,採取位置,採取水深,調査機関,天候,気温,水温,全水深,流量(河川),平均流速(河川),透明度（湖沼・海域）,ｐＨ,ＤＯ,ＢＯＤ,ＣＯＤ,ＳＳ,大腸菌群数,n-ヘキサン抽出物質,全窒素,全リン,全亜鉛,ノニルフェノール,ＬＡＳ,底層ＤＯ,カドミウム,全シアン,鉛,六価クロム,砒素,総水銀,アルキル水銀,ＰＣＢ,ジクロロメタン,四塩化炭素,１、２-ジクロロエタン,１、１-ジクロロエチレン,シス-１、２-ジクロロエチレン,１、１、１-トリクロロエタン,１、１、２-トリクロロエタン,トリクロロエチレン,テトラクロロエチレン,１、３-ジクロロプロペン,チウラム,シマジン,チオベンカルブ,ベンゼン,セレン,ふっ素,亜硝酸性窒素,硝酸性窒素,透視度(河川･湖沼),ほう素,硝酸性窒素及び亜硝酸性窒素,１、４-ジオキサン,フェノール類,銅,溶解性鉄,溶解性マンガン,クロム,ＥＰＮ,アンモニア性窒素,溶解性ＣＯＤ,リン酸性リン,プランクトン総数,クロロフィルａ,ＴＯＣ,ＤＯＣ,電気伝導率,塩分量(海域),塩化物イオン,陰イオン界面活性剤,アンチモン,ニッケル,トリハロメタン生成能,クロロホルム生成能,ブロモジクロロメタン生成能,ジブロモクロロメタン生成能,ブロモホルム生成能,クロロホルム,トランス-1、2-ジクロロエチレン,１、２-ジクロロプロパン,p-ジクロロベンゼン,イソキサチオン,ダイアジノン,フェニトロチオン,イソプロチオラン,オキシン銅,クロロタロニル,プロピザミド,ジクロルボス,フェノブカルブ,イプロベンホス,クロルニトロフェン,トルエン,キシレン,フタル酸ジエチルへキシル,モリブデン,塩化ビニルモノマー,エピクロロヒドリン,全マンガン,ウラン,フェノール,ホルムアルデヒド,４-ｔ-オクチルフェノール,アニリン,２、４-ジクロロフェノール
10920,20180411,粟倉橋,小糸川上流,B,1147,流心（中央）,0.07,千葉県,曇り,20.8,14.3,0.38,0.52,0.12,,8.3,10,1.2,4.9,1,4.90E+02,,1.2,0.24,,,,,,,,,,,,,,,,,,,,,,,,,,,,,,,>30.0,,,,,,,,,,,,,,,4.9,,46,,,,,,,,,,,,,,,,,,,,,,,,,,,,,,,,,,,,,,
10920,20180515,粟倉橋,小糸川上流,B,1338,流心（中央）,0.13,千葉県,晴れ,31.9,20.2,0.66,3.29,0.43,,8.1,8.5,1,6.3,4,1.30E+04,,0.66,0.07,0.002,,,,<0.0003,<0.1,<0.001,<0.005,<0.001,<0.0005,,<0.0005,<0.002,<0.0002,<0.0004,<0.01,<0.004,<0.1,<0.0006,<0.001,<0.001,<0.0002,<0.0006,<0.0003,<0.002,<0.001,<0.001,<0.08,<0.03,0.23,>30.0,<0.1,0.26,<0.005,,,,,,,0.04,,,,,4.3,,22,,15,,,,,,,,,,,,,,,,,,,,,,,,,,,,,,,,,,,,
10920,20180614,粟倉橋,小糸川上流,B,1340,流心（中央）,0.15,千葉県,晴れ,25.1,20.9,0.76,3.26,0.47,,8,8.5,2.4,7.3,9,1.70E+04,,0.95,0.067,,,,,,,,,,,,,,,,,,,,,,,,,,,,,,,>30.0,,,,,,,,,,,,,,,6.3,,25,,,,,,,,,,,,,,,,,,,,,,,,,,,,,,,,,,,,,,
10920,20180718,粟倉橋,小糸川上流,B,1415,流心（中央）,0.06,千葉県,晴れ,34.1,26.8,0.37,0.4,0.1,,8.3,9.3,1,6.7,2,7.90E+03,,0.87,0.19,0.001,,,,,,,,,,,,,,,,,,,,,,,,,,,,0.03,0.49,>30.0,,0.52,,<0.005,<0.01,0.3,<0.1,<0.02,,0.04,,,,,4.8,,38,,22,<0.05,,,,,,,,,,,,,,,,,,,,,,,,,,,,,,,,,,,
10920,20180814,粟倉橋,小糸川上流,B,1152,流心（中央）,0.14,千葉県,晴れ,32.2,25.9,0.29,0.39,0.08,,8.2,7.6,1,5.8,1,2.20E+04,,1.2,0.26,,,,,,,,,,,,,,,,,,,,,,,,,,,,,,,>30.0,,,,,,,,,,,,,,,6.2,,45,,,,,,,,,,,,,,,,,,,,,,,,,,,,,,,,,,,,,,
10920,20180910,粟倉橋,小糸川上流,B,1202,流心（中央）,0.08,千葉県,晴れ,30.4,23.5,0.42,1.08,0.19,,8.2,7.5,1.9,8.5,22,1.70E+05,,1.2,0.25,,,,,,,,,,,,,,,,,,,,,,,,,,,,,0.03,0.7,>30.0,,0.73,,,,,,,,,,,,,7.5,,42,,,,,,,,,,,,,,,,,,,,,,,,,,,,,,,,,,,,,,
10920,20181009,粟倉橋,小糸川上流,B,1125,流心（中央）,0.12,千葉県,晴れ,27.2,20.9,0.61,2.84,0.4,,7.9,8.3,0.9,7.4,8,2.80E+04,,0.81,0.061,,,,,,,,,,,,,,,,,,,,,,,,,,,,,,,>30.0,,,,,,,,,,,,,,,5,,23,,,,,,,,,,,,,,,,,,,,,,,,,,,,,,,,,,,,,,
10920,20181106,粟倉橋,小糸川上流,B,1020,流心（中央）,0.09,千葉県,一時雨,20.3,16.5,0.48,0.97,0.19,,8.1,9,1.2,7.1,10,1.10E+04,,1,0.16,0.005,,,,<0.0003,<0.1,0.001,<0.005,0.001,<0.0005,,,<0.002,<0.0002,<0.0004,<0.01,<0.004,<0.1,<0.0006,<0.001,<0.001,<0.0002,<0.0006,<0.0003,<0.002,<0.001,<0.001,0.09,0.03,0.6,>30.0,<0.1,0.63,<0.005,,,,,,,0.06,,,,,6.8,,34,,24,,,,,,,,,,,,,,,,,,,,,,,,,,,,,,,,,,,,
10920,20181206,粟倉橋,小糸川上流,B,954,流心（中央）,0.09,千葉県,曇り,12.3,13.1,0.45,1.17,0.23,,8.1,9.4,0.9,6.4,2,3.30E+03,,1,0.13,,,,,,,,,,,,,,,,,,,,,,,,,,,,,,,>30.0,,,,,,,,,,,,,,,4.5,,37,,,,,,,,,,,,,,,,,,,,,,,,,,,,,,,,,,,,,,
10920,20190107,粟倉橋,小糸川上流,B,1104,流心（中央）,0.11,千葉県,薄曇り,11.1,7.1,0.55,0.34,0.09,,8.2,10,1.3,5.6,<1,4.90E+03,,1.6,0.34,0.001,,,,,,,,,,,,,,,,,,,,,,,,,,,,0.05,1,>30.0,,1,,,,,,,,0.2,,,,,4.8,,58,,21,<0.05,,,,,,,,,,,,,,,,,,,,,,,,,,,,,,,,,,,
10920,20190204,粟倉橋,小糸川上流,B,916,流心（中央）,0.26,千葉県,晴れ,16.9,11.1,1.3,0.35,0.04,,8.2,8.9,1.7,5.9,2,2.30E+03,,1.7,0.36,,,,,,,,,,,,,,,,,,,,,,,,,,,,,,,>30.0,,,,,,,,,,,,,,,8.5,,55,,,,,,,,,,,,,,,,,,,,,,,,,,,,,,,,,,,,,,
10920,20190307,粟倉橋,小糸川上流,B,1046,流心（中央）,0.16,千葉県,曇り,9.5,9.9,0.8,2.73,0.34,,8,10,1.6,8.5,17,2.80E+03,,1.1,0.12,,,,,,,,,,,,,,,,,,,,,,,,,,,,,<0.03,0.57,>30.0,,0.6,,,,,,,,,,,,,6,,28,,,,,,,,,,,,,,,,,,,,,,,,,,,,,,,,,,,,,,
10930,20180515,八千代橋,小糸川下流,C,1309,流心（中央）,0.07,千葉県,晴れ,30.5,20.1,0.35,3.2,0.67,,8,8,1,5.8,15,3.30E+03,,0.74,0.1,0.002,,,,,,,,,,,,,,,,,,,,,,,,,,,,<0.03,0.36,>30.0,,0.39,,,,,,,,,,,,,4.2,,,,,,,,,,,,,,,,,,,,,,,,,,,,,,,,,,,,,,,,
10930,20180718,八千代橋,小糸川下流,C,1350,流心（中央）,0.06,千葉県,晴れ,37.7,25.8,0.12,0.7,0.41,,8.2,7.9,1,4.9,5,1.70E+04,,0.77,0.18,0.002,,,,,,,,,,,,,,,,,,,,,,,,,,,,<0.03,0.47,>30.0,,0.5,,,,,,,,,,,,,4,,,,,,,,,,,,,,,,,,,,,,,,,,,,,,,,,,,,,,,,
10930,20181106,八千代橋,小糸川下流,C,927,流心（中央）,0.08,千葉県,薄曇り,25.5,16.1,0.43,2.53,0.81,,8.1,8.5,1.1,4.9,4,7.90E+03,,0.97,0.19,<0.001,,,,,,,,,,,,,,,,,,,,,,,,,,,,<0.03,0.64,>30.0,,0.67,,,,,,,,,,,,,4,,,,,,,,,,,,,,,,,,,,,,,,,,,,,,,,,,,,,,,,
10930,20190107,八千代橋,小糸川下流,C,1020,流心（中央）,0.1,千葉県,晴れ,14,10.2,0.52,1.11,0.41,,8.2,9.8,0.8,4,3,4.90E+03,,1.1,0.25,0.001,,,,,,,,,,,,,,,,,,,,,,,,,,,,0.03,0.76,>30.0,,0.79,,,,,,,,,,,,,2.7,,,,,,,,,,,,,,,,,,,,,,,,,,,,,,,,,,,,,,,,
10940,20180411,人見橋,小糸川下流,C,1601,流心（中央）,0.38,千葉県,曇り,20.1,17.5,1.9,5.86,0.06,,8.1,10,0.9,2.7,4,,,0.57,0.064,,,,,,,,,,,,,,,,,,,,,,,,,,,,,,,>30.0,,,,,,,,,,,,,,,3.9,,4100,,,,,,,,,,,,,,,,,,,,,,,,,,,,,,,,,,,,,,
10940,20180515,人見橋,小糸川下流,C,850,流心（中央）,0.27,千葉県,晴れ,24.7,19.4,1.35,11.2,0.17,,7.9,7.7,0.8,6.7,22,2.30E+04,,0.94,0.13,0.004,<0.00006,0.0051,,<0.0003,<0.1,<0.001,<0.005,0.001,<0.0005,,<0.0005,<0.002,<0.0002,<0.0004,<0.01,<0.004,<0.1,<0.0006,<0.001,<0.001,<0.0002,<0.0006,<0.0003,<0.002,<0.001,<0.001,0.27,0.04,0.38,28,,0.42,<0.005,,,,,,,0.11,,,,,4.5,,1100,,3300,,,,,,,,,,,,,,,,,,,,,,,,,,,,,,,,,,,,
10940,20180614,人見橋,小糸川下流,C,826,流心（中央）,0.27,千葉県,曇り,22,20.3,1.36,12,0.19,,7.8,6.9,1.7,6.3,12,,,1,0.14,,,,,,,,,,,,,,,,,,,,,,,,,,,,,,,>30.0,,,,,,,,,,,,,,,5.2,,1100,,,,,,,,,,,,,,,,,,,,,,,,,,,,,,,,,,,,,,
10940,20180718,人見橋,小糸川下流,C,1235,流心（中央）,0.33,千葉県,晴れ,34.6,28.9,1.65,5.61,0.07,,8,5.9,2.1,4.2,4,1.80E+03,,0.57,0.11,0.012,,,,,,,,,,,,,,,,,,,,,,,,,,,,<0.03,0.07,>30.0,,0.1,,<0.005,<0.01,<0.1,<0.1,<0.02,,0.12,,,,,4,,4300,,16000,<0.05,,,,,,,,,,,,,,,,,,,,,,,,,,,,,,,,,,,
10940,20180814,人見橋,小糸川下流,C,1055,流心（中央）,0.17,千葉県,晴れ,31.4,27.2,0.88,8.39,0.12,,7.9,5.4,0.9,3.9,3,,,0.61,0.1,,,,,,,,,,,,,,,,,,,,,,,,,,,,,,,>30.0,,,,,,,,,,,,,,,3.7,,3600,,,,,,,,,,,,,,,,,,,,,,,,,,,,,,,,,,,,,,
10940,20180910,人見橋,小糸川下流,C,1055,流心（中央）,0.12,千葉県,晴れ,27.5,27.2,0.6,1.45,0.03,,7.9,4.8,1,2.7,4,,,0.62,0.12,,,,,,,,,,,,,,,,,,,,,,,,,,,,,<0.03,0.09,>30.0,,0.12,,,,,,,,,,,,,3.9,,4300,,,,,,,,,,,,,,,,,,,,,,,,,,,,,,,,,,,,,,
10940,20181009,人見橋,小糸川下流,C,1020,流心（中央）,0.22,千葉県,晴れ,25.6,21,1.13,5.78,0.1,,7.8,7.8,0.7,5.7,16,,,0.9,0.12,,,,,,,,,,,,,,,,,,,,,,,,,,,,,,,>30.0,,,,,,,,,,,,,,,5.4,,1300,,,,,,,,,,,,,,,,,,,,,,,,,,,,,,,,,,,,,,
10940,20181106,人見橋,小糸川下流,C,829,流心（中央）,0.28,千葉県,晴れ,22.3,18.6,1.44,1.33,0.02,,7.8,6.4,0.5,3,7,3.30E+04,,1,0.15,0.005,<0.00006,<0.0006,,<0.0003,<0.1,<0.001,<0.005,0.001,<0.0005,,,<0.002,<0.0002,<0.0004,<0.01,<0.004,<0.1,<0.0006,<0.001,<0.001,<0.0002,<0.0006,<0.0003,<0.002,<0.001,<0.001,0.63,0.04,0.53,>30.0,,0.57,<0.005,,,,,,,0.2,,,,,4.9,,2400,,8600,,,,,,,,,,,,,,,,,,,,,,,,,,,,,,,,,,,,
10940,20181206,人見橋,小糸川下流,C,906,流心（中央）,0.36,千葉県,一時雨,13.5,14.2,1.84,0.39,0,,7.9,9,0.6,5.3,4,,,1,0.15,,,,,,,,,,,,,,,,,,,,,,,,,,,,,,,>30.0,,,,,,,,,,,,,,,4.9,,510,,,,,,,,,,,,,,,,,,,,,,,,,,,,,,,,,,,,,,
10940,20190107,人見橋,小糸川下流,C,915,流心（中央）,0.39,千葉県,晴れ,9.3,8.1,1.98,3.22,0.03,,7.8,8.9,1.8,3.2,3,2.80E+03,,1.3,0.12,0.011,,,,,,,,,,,,,,,,,,,,,,,,,,,,0.04,0.61,>30.0,,0.65,,,,,,,,0.29,,,,,3.5,,3300,,11000,<0.05,,,,,,,,,,,,,,,,,,,,,,,,,,,,,,,,,,,
10940,20190204,人見橋,小糸川下流,C,905,流心（中央）,0.39,千葉県,晴れ,14.1,10.7,1.96,2.94,0.03,,8.1,9.4,1.2,3,5,,,0.77,0.068,,,,,,,,,,,,,,,,,,,,,,,,,,,,,,,>30.0,,,,,,,,,,,,,,,4.7,,4100,,,,,,,,,,,,,,,,,,,,,,,,,,,,,,,,,,,,,,
10940,20190307,人見橋,小糸川下流,C,944,流心（中央）,0.33,千葉県,霧雨,9.1,10.8,1.65,9.57,0.11,,7.8,10,1.3,5.5,10,,,1.2,0.16,,,,,,,,,,,,,,,,,,,,,,,,,,,,,0.03,0.68,>30.0,,0.71,,,,,,,,,,,,,4.2,,300,,,,,,,,,,,,,,,,,,,,,,,,,,,,,,,,,,,,,,
10950,20180515,平川橋,矢那川,,1146,流心（中央）,0.06,千葉県,晴れ,29.6,20.7,0.31,0.5,0.13,,7.9,8.6,1,3.9,7,4.90E+04,,1.3,0.062,0.004,,,,,,,,,,,,,,,,,,,,,,,,,,,,<0.03,0.87,>30.0,,0.9,,,,,,,,,,,,,2.9,,,,,,,,,,,,,,,,,,,,,,,,,,,,,,,,,,,,,,,,
10950,20180712,平川橋,矢那川,,1411,流心（中央）,0.09,千葉県,曇り,28.7,24.3,0.45,0.11,0.03,,8.1,9,1.6,4.4,12,1.30E+05,,1,0.08,0.006,,,,,,,,,,,,,,,,,,,,,,,,,,,,<0.03,0.66,>30.0,,0.69,,,,,,,,,,,,,4.3,,,,,,,,,,,,,,,,,,,,,,,,,,,,,,,,,,,,,,,,
10950,20181106,平川橋,矢那川,,934,流心（中央）,0.07,千葉県,晴れ,22.8,17,0.38,0.2,0.06,,8.1,9.6,1.4,2.9,6,2.30E+04,,1.3,0.067,0.002,,,,,,,,,,,,,,,,,,,,,,,,,,,,<0.03,0.98,>30.0,,1,,,,,,,,,,,,,3.3,,,,,,,,,,,,,,,,,,,,,,,,,,,,,,,,,,,,,,,,
10950,20190107,平川橋,矢那川,,903,流心（中央）,0.07,千葉県,晴れ,7.6,6.7,0.38,0.13,0.03,,7.9,11,1.2,2.5,2,1.30E+04,,1.5,0.074,0.002,,,,,,,,,,,,,,,,,,,,,,,,,,,,0.03,1,>30.0,,1,,,,,,,,,,,,,2.1,,,,,,,,,,,,,,,,,,,,,,,,,,,,,,,,,,,,,,,,
10960,20180515,富士見橋,矢那川,,940,流心（中央）,0.15,千葉県,晴れ,26.8,20.3,0.3,0.8,0.11,,7.8,8.3,1,4.2,6,4.60E+04,,1.4,0.083,0.004,,,,<0.0003,<0.1,<0.001,<0.005,<0.001,<0.0005,,,<0.002,<0.0002,<0.0004,<0.01,<0.004,<0.1,<0.0006,<0.001,<0.001,<0.0002,<0.0006,<0.0003,<0.002,<0.001,<0.001,0.14,0.03,0.81,>30.0,,0.84,,,,,,,,0.12,,,,,2.6,,320,,830,,,,,,,,,,,,,,,,,,,,,,,,,,,,,,,,,,,,
10960,20180712,富士見橋,矢那川,,932,流心（中央）,0.06,千葉県,曇り,29.1,27.8,0.3,0.25,0.04,,7.8,5.3,1.8,5.7,9,2.80E+04,,1.2,0.15,0.008,,,,,,,,,,,,,,,,,,,,,,,,,,,,0.04,0.4,>30.0,,0.44,,<0.005,<0.01,<0.1,0.3,<0.02,,0.32,,,,,4.7,,1300,,4100,<0.05,,,,,,,,,,,,,,,,,,,,,,,,,,,,,,,,,,,
10960,20181106,富士見橋,矢那川,,902,流心（中央）,0.11,千葉県,晴れ,22.2,18.5,0.55,1.07,0.1,,7.8,6.5,0.9,2.9,9,7.90E+03,,1.1,0.11,0.005,,,,<0.0003,<0.1,<0.001,<0.005,0.001,<0.0005,,,<0.002,<0.0002,<0.0004,<0.01,<0.004,<0.1,<0.0006,<0.001,<0.001,<0.0002,<0.0006,<0.0003,<0.002,<0.001,<0.001,0.41,0.04,0.62,>30.0,,0.66,,,,,,,,0.21,,,,,4.7,,1800,,6400,,,,,,,,,,,,,,,,,,,,,,,,,,,,,,,,,,,,
10960,20190107,富士見橋,矢那川,,932,流心（中央）,0.21,千葉県,晴れ,8.7,6.9,1.05,1.11,0.05,,7.8,9.7,1.9,3.8,2,1.70E+04,,1.9,0.13,0.003,,,,,,,,,,,,,,,,,,,,,,,,,,,,0.06,0.94,>30.0,,1,,,,,,,,0.63,,,,,2.7,,760,,2200,0.06,,,,,,,,,,,,,,,,,,,,,,,,,,,,,,,,,,,
10970,20180411,岩田橋,小櫃川上流,A,1305,流心（中央）,0.1,千葉県,晴れ,24.9,14.9,0.52,2.61,0.28,,8.1,10,1.2,4.6,11,2.30E+03,,0.73,0.11,,,,,,,,,,,,,,,,,,,,,,,,,,,,,,,>30.0,,,,,,,,,,,,,,,3.4,,26,,,,,,,,,,,,,,,,,,,,,,,,,,,,,,,,,,,,,,
10970,20180515,岩田橋,小櫃川上流,A,908,流心（中央）,0.28,千葉県,晴れ,26.4,17,1.43,7.05,0.52,,8,9.2,1,5.4,11,2.20E+04,,0.72,0.081,0.004,,,,<0.0003,<0.1,<0.001,<0.005,0.001,<0.0005,,<0.0005,<0.002,<0.0002,<0.0004,<0.01,<0.004,<0.1,<0.0006,<0.001,<0.001,<0.0002,<0.0006,<0.0003,<0.002,<0.001,<0.001,0.09,0.03,0.32,>30.0,<0.1,0.35,<0.005,,,,,,,0.06,,,,,3.6,,23,,13,,,,,,,,,,,,,,,,,,,,,,,,,,,,,,,,,,,,
10970,20180614,岩田橋,小櫃川上流,A,1256,流心（中央）,0.1,千葉県,曇り,22.4,20.6,0.51,3.24,0.38,,8,8.7,1.6,3.7,5,2.20E+00,,0.72,0.1,,,,,,,,,,,,,,,,,,,,,,,,,,,,,,,>30.0,,,,,,,,,,,,,,,4.5,,25,,,,,,,,,,,,,,,,,,,,,,,,,,,,,,,,,,,,,,
10970,20180712,岩田橋,小櫃川上流,A,902,流心（中央）,0.22,千葉県,曇り,29.6,24.7,1.12,1.93,0.22,,8.1,8.2,1.3,4.8,4,7.00E+03,,0.52,0.092,0.003,,,,,,,,,,,,,,,,,,,,,,,,,,,,<0.03,0.24,>30.0,,0.27,,<0.005,<0.01,0.1,<0.1,<0.02,,<0.03,,,,,3.8,,26,,10,<0.05,,<0.001,,,,,,,,,,,,,,,,,,,,,,,,<0.007,,,0.06,<0.0002,,,,,
10970,20180814,岩田橋,小櫃川上流,A,1234,流心（中央）,0.11,千葉県,晴れ,34.3,26.5,0.55,2.96,0.3,,8,7.7,1.3,5.3,7,3.30E+04,,0.8,0.15,,,,,,,,,,,,,,,,,,,,,,,,,,,,,,,>30.0,,,,,,,,,,,,,,,4.3,,26,,,,,,,,,,,,,,,,,,,,,,,,,,,,,,,,,,,,,,
10970,20180910,岩田橋,小櫃川上流,A,1326,流心（中央）,0.1,千葉県,晴れ,27.9,24.3,0.54,3.56,0.43,,7.9,7.5,1.5,5.1,9,3.30E+04,,0.86,0.18,,,,,,,,,,,,,,,,,,,,,,,,,,,,,<0.03,0.55,>30.0,,0.58,,,,,,,,,,,,,4.8,,27,,,,,,,,,,,,,,,,,,,,,,,,,,,,,,,,,,,,,,
10970,20181009,岩田橋,小櫃川上流,A,922,流心（中央）,0.24,千葉県,晴れ,23.5,19.3,1.23,2.52,0.29,,7.8,8.4,0.7,4.4,11,1.70E+04,,0.77,0.11,,,,,,,,,,,,,,,,,,,,,,,,,,,,,,,28,,,,,,,,,,,,,,,3.7,,26,,,,,,,,,,,,,,,,,,,,,,,,,,,,,,,,,,,,,,
10970,20181106,岩田橋,小櫃川上流,A,1051,流心（中央）,0.19,千葉県,曇り,21.7,16.2,0.98,2.6,0.33,,8,8.1,1.3,4,8,7.90E+03,,0.83,0.12,0.004,,,,<0.0003,<0.1,<0.001,<0.005,0.001,<0.0005,,,<0.002,<0.0002,<0.0004,<0.01,<0.004,<0.1,<0.0006,<0.001,<0.001,<0.0002,<0.0006,<0.0003,<0.002,<0.001,<0.001,0.09,<0.03,0.58,>30.0,<0.1,0.61,<0.005,,,,,,,0.05,,,,,4.9,,28,,10,,,,,,,,,,,,,,,,,,,,,,,,,,,,,,,,,,,,
10970,20181206,岩田橋,小櫃川上流,A,914,流心（中央）,0.23,千葉県,雨,12.4,14.2,1.15,2.5,0.25,,7.9,9.3,0.9,4.8,7,1.30E+04,,0.83,0.1,,,,,,,,,,,,,,,,,,,,,,,,,,,,,,,>30.0,,,,,,,,,,,,,,,3.5,,29,,,,,,,,,,,,,,,,,,,,,,,,,,,,,,,,,,,,,,
10970,20190107,岩田橋,小櫃川上流,A,1234,流心（中央）,0.21,千葉県,晴れ,9.6,8.1,1.09,2.4,0.25,,8.1,12,0.7,3.2,2,1.30E+03,,0.81,0.1,0.002,,,,,,,,,,,,,,,,,,,,,,,,,,,,<0.03,0.58,>30.0,,0.61,,,,,,,,0.07,,,,,2.7,,31,,12,<0.05,,,,,,,,,,,,,,,,,,,,,,,,,,,,,,,,,,,
10970,20190204,岩田橋,小櫃川上流,A,1057,流心（中央）,0.22,千葉県,晴れ,16.3,10.3,1.13,2.26,0.25,,8,10,1.3,3.7,3,7.90E+02,,0.87,0.1,,,,,,,,,,,,,,,,,,,,,,,,,,,,,,,>30.0,,,,,,,,,,,,,,,4.3,,33,,,,,,,,,,,,,,,,,,,,,,,,,,,,,,,,,,,,,,
10970,20190307,岩田橋,小櫃川上流,A,934,流心（中央）,0.25,千葉県,霧雨,9.1,10.2,1.26,6.97,0.51,,7.9,10,2.3,6.3,12,3.30E+03,,1.2,0.19,,,,,,,,,,,,,,,,,,,,,,,,,,,,,0.03,0.59,>30.0,,0.62,,,,,,,,,,,,,5.2,,26,,,,,,,,,,,,,,,,,,,,,,,,,,,,,,,,,,,,,,
10975,20180515,門生橋,小櫃川上流,A,1132,流心（中央）,0.12,千葉県,晴れ,28.8,18,0.24,0.56,0.49,,8.1,9.5,<0.5,3.5,1,4.60E+03,,0.44,0.035,0.001,,,,,,,,,,,,,,,,,,,,,,,,,,,,<0.03,0.24,>30.0,,0.27,,,,,,,,,,,,,2.7,,,,,,,,,,,,,,,,,,,,,,,,,,,,,,,,,,,,,,,,
10975,20180712,門生橋,小櫃川上流,A,1039,流心（中央）,0.09,千葉県,曇り,28.2,24.6,0.18,0.06,0.3,,8.4,8.7,1.1,4,1,4.90E+03,,0.36,0.051,0.011,,,,,,,,,,,,,,,,,,,,,,,,,,,,<0.03,0.09,>30.0,,0.12,,,,,,,,,,,,,4.3,,,,,,,,,,,,,,,,,,,,,,,,,,,,,,,,,,,,,,,,
10975,20181106,門生橋,小櫃川上流,A,1110,流心（中央）,0.07,千葉県,薄曇り,22.5,15.1,0.14,0.17,0.28,,8.3,10,1,3.3,1,1.40E+03,,0.4,0.056,<0.001,,,,,,,,,,,,,,,,,,,,,,,,,,,,<0.03,0.19,>30.0,,0.22,,,,,,,,,,,,,3.4,,,,,,,,,,,,,,,,,,,,,,,,,,,,,,,,,,,,,,,,
10975,20190107,門生橋,小櫃川上流,A,1250,流心（中央）,0.06,千葉県,晴れ,10.3,5.3,0.12,0.21,0.18,,8.3,12,<0.5,2.5,<1,1.10E+03,,0.67,0.084,<0.001,,,,,,,,,,,,,,,,,,,,,,,,,,,,<0.03,0.35,>30.0,,0.38,,,,,,,,,,,,,1.6,,,,,,,,,,,,,,,,,,,,,,,,,,,,,,,,,,,,,,,,
10980,20180411,小櫃橋,小櫃川下流,B,1700,流心（中央）,0.25,千葉県,晴れ,18.3,16.4,1.28,7.65,0.19,,8.2,10,4.1,7.1,17,4.90E+02,,0.61,0.09,,,,,,,,,,,,,,,,,,,,,,,,,,,,,,,>30.0,,,,,,,,,,,,,,,5.9,,1500,,,,,,,,,,,,,,,,,,,,,,,,,,,,,,,,,,,,,,
10980,20180515,小櫃橋,小櫃川下流,B,1023,流心（中央）,0.21,千葉県,晴れ,28.6,20.3,1.05,10.4,0.42,,8,8.5,1.3,6.3,19,7.90E+03,,0.86,0.11,0.005,0.00006,0.0078,,<0.0003,<0.1,0.001,<0.005,0.001,<0.0005,,<0.0005,<0.002,<0.0002,<0.0004,<0.01,<0.004,<0.1,<0.0006,<0.001,<0.001,<0.0002,<0.0006,<0.0003,<0.002,<0.001,<0.001,0.09,0.03,0.39,25,<0.1,0.42,<0.005,,,,,,,0.06,,,,,4.1,,24,,16,,,,,,,,,,,,,,,,,,,,,,,,,,,,,,,,,,,,
10980,20180614,小櫃橋,小櫃川下流,B,945,流心（中央）,0.18,千葉県,晴れ,23.6,21.5,0.93,5.92,0.27,,7.9,7.8,2.2,5.3,9,1.40E+04,,1,0.12,,,,,,,,,,,,,,,,,,,,,,,,,,,,,,,>30.0,,,,,,,,,,,,,,,5.9,,27,,,,,,,,,,,,,,,,,,,,,,,,,,,,,,,,,,,,,,
10980,20180712,小櫃橋,小櫃川下流,B,855,流心（中央）,0.17,千葉県,曇り,30,30.1,0.85,5.36,0.25,,7.8,5.7,2.6,5.8,9,4.90E+03,,0.54,0.14,0.005,,,,,,,,,,,,,,,,,,,,,,,,,,,,<0.03,<0.03,>30.0,,<0.06,,<0.005,<0.01,<0.1,0.2,<0.02,,<0.03,,,,,5.3,,530,,1500,<0.05,,,,,,,,,,,,,,,,,,,,,,,,,,,,,,,,,,,
10980,20180814,小櫃橋,小櫃川下流,B,912,流心（中央）,0.3,千葉県,晴れ,29.5,28.3,1.52,14,0.26,,7.9,5.6,1.7,6.7,14,3.30E+03,,1.1,0.15,,,,,,,,,,,,,,,,,,,,,,,,,,,,,,,>30.0,,,,,,,,,,,,,,,5.1,,38,,,,,,,,,,,,,,,,,,,,,,,,,,,,,,,,,,,,,,
10980,20180910,小櫃橋,小櫃川下流,B,1035,流心（中央）,0.23,千葉県,曇り,29.6,27.1,1.15,6.22,0.24,,8,7,1.6,4.8,11,7.00E+03,,1.1,0.17,,,,,,,,,,,,,,,,,,,,,,,,,,,,,<0.03,0.64,>30.0,,0.67,,,,,,,,,,,,,4.7,,33,,,,,,,,,,,,,,,,,,,,,,,,,,,,,,,,,,,,,,
10980,20181009,小櫃橋,小櫃川下流,B,905,流心（中央）,0.23,千葉県,晴れ,23.6,21.5,1.15,11.8,0.3,,7.9,8.4,0.9,5.6,19,3.30E+04,,1.1,0.11,,,,,,,,,,,,,,,,,,,,,,,,,,,,,,,>30.0,,,,,,,,,,,,,,,4.7,,27,,,,,,,,,,,,,,,,,,,,,,,,,,,,,,,,,,,,,,
10980,20181106,小櫃橋,小櫃川下流,B,813,流心（中央）,0.24,千葉県,晴れ,20.4,16.4,1.23,12,0.32,,8.1,9.2,1.2,3.8,11,4.90E+03,,1.1,0.12,0.006,<0.00006,0.0045,,<0.0003,<0.1,<0.001,<0.005,0.001,<0.0005,,,<0.002,<0.0002,<0.0004,<0.01,<0.004,<0.1,<0.0006,<0.001,<0.001,<0.0002,<0.0006,<0.0003,<0.002,<0.001,<0.001,<0.08,<0.03,0.86,>30.0,<0.1,0.89,<0.005,,,,,,,0.05,,,,,4.1,,30,,12,,,,,,,,,,,,,,,,,,,,,,,,,,,,,,,,,,,,
10980,20181206,小櫃橋,小櫃川下流,B,850,流心（中央）,0.25,千葉県,雨,13.9,14.2,1.25,11.5,0.3,,8,8.9,0.9,3.5,6,7.00E+03,,1,0.1,,,,,,,,,,,,,,,,,,,,,,,,,,,,,,,>30.0,,,,,,,,,,,,,,,2.7,,31,,,,,,,,,,,,,,,,,,,,,,,,,,,,,,,,,,,,,,
10980,20190107,小櫃橋,小櫃川下流,B,1038,流心（中央）,0.29,千葉県,晴れ,10.6,6.3,1.46,10.1,0.24,,8.1,11,0.6,3.2,4,2.30E+03,,1.1,0.091,0.004,,,,,,,,,,,,,,,,,,,,,,,,,,,,<0.03,0.84,>30.0,,0.87,,,,,,,,0.07,,,,,2.1,,33,,13,<0.05,,,,,,,,,,,,,,,,,,,,,,,,,,,,,,,,,,,
10980,20190204,小櫃橋,小櫃川下流,B,1012,流心（中央）,0.28,千葉県,晴れ,16.1,10.6,1.42,11.7,0.28,,8,10,1.7,4.1,8,7.90E+03,,1.3,0.13,,,,,,,,,,,,,,,,,,,,,,,,,,,,,,,>30.0,,,,,,,,,,,,,,,4.1,,33,,,,,,,,,,,,,,,,,,,,,,,,,,,,,,,,,,,,,,
10980,20190307,小櫃橋,小櫃川下流,B,842,流心（中央）,0.36,千葉県,霧雨,8.9,10.8,1.8,22.6,0.34,,7.8,10,1.7,5.1,10,1.10E+04,,1.6,0.14,,,,,,,,,,,,,,,,,,,,,,,,,,,,,0.03,1,>30.0,,1.1,,,,,,,,,,,,,4.2,,28,,,,,,,,,,,,,,,,,,,,,,,,,,,,,,,,,,,,,,
10985,20180515,椿橋,小櫃川下流,B,1113,流心（中央）,0.37,千葉県,晴れ,27.9,19.5,1.86,12.2,0.19,,8,8.7,1.3,6,16,1.10E+04,,1.1,0.11,0.003,,,,,,,,,,,,,,,,,,,,,,,,,,,,<0.03,0.51,>30.0,,0.54,,,,,,,,,,,,,3.9,,,,,,,,0.1,0.081,0.017,0.002,<0.0001,,,,,,,,,,,,,,,,,,,,,,,,,,,,
10985,20180712,椿橋,小櫃川下流,B,1432,流心（中央）,0.25,千葉県,曇り,29.7,26.9,1.28,1.27,0.03,,8.2,9.6,1.6,4.5,7,2.20E+03,,0.84,0.11,0.002,,,,,,,,,,,,,,,,,,,,,,,,,,,,<0.03,0.35,>30.0,,0.38,,,,,,,,,,,,,3.4,,,,,,,,0.073,0.052,0.018,0.0037,0.0001,,,,,,,,,,,,,,,,,,,,,,,,,,,,
10985,20181106,椿橋,小櫃川下流,B,1008,流心（中央）,0.41,千葉県,晴れ,21.3,16.5,2.05,5.56,0.09,,8.1,9.5,0.8,3.4,5,4.90E+03,,1,0.11,0.004,,,,,,,,,,,,,,,,,,,,,,,,,,,,<0.03,0.87,>30.0,,0.9,,,,,,,,,,,,,4.1,,,,,,,,0.062,0.037,0.019,0.006,0.0003,,,,,,,,,,,,,,,,,,,,,,,,,,,,
10985,20190107,椿橋,小櫃川下流,B,831,流心（中央）,0.37,千葉県,晴れ,9.6,7.1,1.88,4.54,0.08,,8,11,0.8,3,2,1.30E+04,,1.2,0.09,0.001,,,,,,,,,,,,,,,,,,,,,,,,,,,,<0.03,0.89,>30.0,,0.92,,,,,,,,,,,,,1.7,,,,,,,,0.045,0.022,0.016,0.0073,<0.0001,,,,,,,,,,,,,,,,,,,,,,,,,,,,
10990,20180411,御腹川橋,御腹川,A,1333,流心（中央）,0.11,千葉県,晴れ,24.4,16.3,0.22,0.15,0.15,,8.1,10,0.8,3.4,3,3.30E+03,,0.71,0.071,,,,,,,,,,,,,,,,,,,,,,,,,,,,,,,>30.0,,,,,,,,,,,,,,,2.7,,42,,,,,,,,,,,,,,,,,,,,,,,,,,,,,,,,,,,,,,
10990,20180515,御腹川橋,御腹川,A,843,流心（中央）,0.1,千葉県,晴れ,25.3,17.5,0.54,0.77,0.33,,8,8.9,0.5,4.9,9,3.30E+04,,0.8,0.073,0.004,0.00006,0.0057,,<0.0003,<0.1,<0.001,<0.005,0.001,<0.0005,,<0.0005,<0.002,<0.0002,<0.0004,<0.01,<0.004,<0.1,<0.0006,<0.001,<0.001,<0.0002,<0.0006,<0.0003,<0.002,<0.001,<0.001,0.1,<0.03,0.41,>30.0,<0.1,0.44,<0.005,,,,,,,0.07,,,,,4.5,,33,,13,,,,,,,,,,,,,,,,,,,,,,,,,,,,,,,,,,,,
10990,20180614,御腹川橋,御腹川,A,1332,流心（中央）,0.11,千葉県,曇り,28.3,21.6,0.23,0.42,0.29,,8,8.5,1.3,4,3,7.90E+03,,0.72,0.072,,,,,,,,,,,,,,,,,,,,,,,,,,,,,,,>30.0,,,,,,,,,,,,,,,4.3,,40,,,,,,,,,,,,,,,,,,,,,,,,,,,,,,,,,,,,,,
10990,20180712,御腹川橋,御腹川,A,836,流心（中央）,0.1,千葉県,晴れ,29.9,22.3,0.21,0.13,0.16,,8,8.1,1.6,3.5,2,2.30E+04,,0.53,0.043,0.004,,,,,,,,,,,,,,,,,,,,,,,,,,,,<0.03,0.31,>30.0,,0.34,,<0.005,<0.01,0.2,0.1,<0.02,,0.04,,,,,3.5,,45,,18,<0.05,,,,,,,,,,,,,,,,,,,,,,,,,,,,,,,,,,,
10990,20180814,御腹川橋,御腹川,A,852,流心（中央）,0.09,千葉県,晴れ,32.8,23.7,0.48,0.4,0.2,,8,7.8,0.8,4.4,4,3.30E+04,,0.74,0.076,,,,,,,,,,,,,,,,,,,,,,,,,,,,,,,>30.0,,,,,,,,,,,,,,,3.4,,38,,,,,,,,,,,,,,,,,,,,,,,,,,,,,,,,,,,,,,
10990,20180910,御腹川橋,御腹川,A,1200,流心（中央）,0.12,千葉県,一時雨,27.4,23.3,0.25,0.38,0.39,,7.9,8,1.7,5.2,12,1.70E+05,,1,0.13,,,,,,,,,,,,,,,,,,,,,,,,,,,,,<0.03,0.53,>30.0,,0.56,,,,,,,,,,,,,5.4,,43,,,,,,,,,,,,,,,,,,,,,,,,,,,,,,,,,,,,,,
10990,20181009,御腹川橋,御腹川,A,902,流心（中央）,0.09,千葉県,晴れ,23.1,18.1,0.46,0.41,0.22,,7.9,9.1,<0.5,3.8,4,3.50E+04,,0.84,0.068,,,,,,,,,,,,,,,,,,,,,,,,,,,,,,,>30.0,,,,,,,,,,,,,,,2.9,,40,,,,,,,,,,,,,,,,,,,,,,,,,,,,,,,,,,,,,,
10990,20181106,御腹川橋,御腹川,A,1118,流心（中央）,0.09,千葉県,曇り,21.6,16.1,0.48,0.43,0.2,,8.1,9.7,1,3.5,4,1.10E+04,,1,0.068,0.003,0.00006,0.0022,,<0.0003,<0.1,<0.001,<0.005,0.001,<0.0005,,,<0.002,<0.0002,<0.0004,<0.01,<0.004,<0.1,<0.0006,<0.001,<0.001,<0.0002,<0.0006,<0.0003,<0.002,<0.001,<0.001,0.09,<0.03,0.77,>30.0,<0.1,0.8,<0.005,,,,,,,0.04,,,,,3.8,,44,,25,,,,,,,,,,,,,,,,,,,,,,,,,,,,,,,,,,,,
10990,20181206,御腹川橋,御腹川,A,937,流心（中央）,0.07,千葉県,雨,10.7,13.3,0.39,0.37,0.22,,7.9,9.8,1.3,3.8,9,3.30E+04,,0.9,0.074,,,,,,,,,,,,,,,,,,,,,,,,,,,,,,,>30.0,,,,,,,,,,,,,,,2.1,,42,,,,,,,,,,,,,,,,,,,,,,,,,,,,,,,,,,,,,,
10990,20190128,御腹川橋,御腹川,A,1035,流心（中央）,0.07,千葉県,薄曇り,13.9,6.5,0.14,0.08,0.11,,8,12,0.8,3,4,1.10E+04,,0.82,0.064,0.001,,,,,,,,,,,,,,,,,,,,,,,,,,,,<0.03,0.54,>30.0,,0.57,,,,,,,,0.08,,,,,3.7,,48,,21,<0.05,,,,,,,,,,,,,,,,,,,,,,,,,,,,,,,,,,,
10990,20190204,御腹川橋,御腹川,A,1115,流心（中央）,0.08,千葉県,晴れ,19.2,12.3,0.43,0.28,0.16,,8,11,1.2,3,4,2.30E+03,,0.83,0.062,,,,,,,,,,,,,,,,,,,,,,,,,,,,,,,>30.0,,,,,,,,,,,,,,,3.8,,47,,,,,,,,,,,,,,,,,,,,,,,,,,,,,,,,,,,,,,
10990,20190307,御腹川橋,御腹川,A,910,流心（中央）,0.29,千葉県,霧雨,9.4,9.2,1.48,1.67,0.36,,7.7,11,1.7,10,30,1.10E+03,,0.93,0.092,,,,,,,,,,,,,,,,,,,,,,,,,,,,,<0.03,0.41,20,,0.44,,,,,,,,,,,,,7.1,,19,,,,,,,,,,,,,,,,,,,,,,,,,,,,,,,,,,,,,,
11001,20180413,持田崎橋,養老川上流,A,1255,流心（中央）,0.2,市原市,晴れ,19.6,18.5,1.15,0.71,0.05,,8.5,11,0.9,3.8,<1,3.30E+03,,0.97,0.15,,,,,,,,,,,,,,,,,,,,,,,,,,,,,0.04,0.61,>30.0,,0.65,,,,,,,,0.11,,0.14,,,3.3,,34,,16,<0.05,,,,,,,,,,,,,,,,,,,,,,,,,,,,,,,,,,,
11001,20180522,持田崎橋,養老川上流,A,1440,流心（中央）,0.2,市原市,晴れ,27,23.2,1.08,0.8,0.05,,8.4,10,0.6,2.9,<1,1.30E+04,,1.2,0.15,0.002,,,,<0.0003,<0.1,<0.001,<0.005,0.001,<0.0005,,<0.0005,<0.002,<0.0002,<0.0004,<0.01,<0.004,<0.1,<0.0006,<0.001,<0.001,<0.0002,<0.0006,<0.0003,<0.002,<0.001,<0.001,,0.05,0.79,>30.0,,0.84,<0.005,<0.005,<0.01,<0.1,<0.1,<0.02,,0.2,,0.14,,,2.5,,32,,15,<0.05,,,,,,,,,,,,,,,,,,,,,,,,,,,,,,,,,,,
11001,20180613,持田崎橋,養老川上流,A,1240,流心（中央）,0.2,市原市,曇り,25.9,21.9,1.2,2,0.13,,7.3,9.4,1,4,<1,2.40E+04,,1,0.15,,,,,,,,,,,,,,,,,,,,,,,,,,,,0.09,0.05,0.63,>30.0,<0.1,0.68,,,,,,,,0.08,,0.12,,,3.3,,21,,11,<0.05,,,,,,,,,,,,,,,,,,,,,,,,,,,,,,,,,,,
11001,20180704,持田崎橋,養老川上流,A,1215,流心（中央）,0.2,市原市,雨,27.1,25.9,1.07,1.13,0.08,,8.5,9.8,0.8,3.8,<1,2.40E+04,,1.1,0.22,,,,,,,,,,,,,,,,,,,,,,,,,,,,,0.07,0.83,>30.0,,0.9,,,,,,,,0.11,,0.21,,,3.8,,32,,14,<0.05,,,,,,,,,,,,,,,,,,,,,,,,,,,,,,,,,,,
11001,20180823,持田崎橋,養老川上流,A,1240,流心（中央）,0.2,市原市,晴れ,30,28.1,1.04,0.93,0.07,,8.6,10,0.8,4.2,<1,1.30E+04,,1.1,0.22,0.002,,,,<0.0003,<0.1,<0.001,<0.005,0.002,<0.0005,,<0.0005,<0.002,<0.0002,<0.0004,<0.01,<0.004,<0.1,<0.0006,<0.001,<0.001,<0.0002,<0.0006,<0.0003,<0.002,<0.001,<0.001,,0.03,0.86,>30.0,,0.89,<0.005,<0.005,<0.01,<0.1,<0.1,<0.02,,0.03,,0.21,,,4.6,,33,,15,<0.05,,,,,,,,,,,,,,,,,,,,,,,,,,,,,,,,,,,
11001,20180919,持田崎橋,養老川上流,A,1345,流心（中央）,0.2,市原市,晴れ,25.5,23.4,1.05,1.13,0.07,,8.3,9.7,1.8,5.9,<1,3.30E+04,,1.6,0.23,,,,,,,,,,,,,,,,,,,,,,,,,,,,0.11,0.03,0.95,>30.0,<0.1,0.98,,,,,,,,0.09,,0.22,,,3.7,,28,,12,<0.05,,,,,,,,,,,,,,,,,,,,,,,,,,,,,,,,,,,
11001,20181011,持田崎橋,養老川上流,A,950,流心（中央）,0.2,市原市,曇り,22.2,19.8,1.08,1.41,0.09,,8.1,9.3,1,3.8,<1,4.90E+03,,1.2,0.15,,,,,,,,,,,,,,,,,,,,,,,,,,,,,0.06,0.82,>30.0,,0.88,,,,,,,,<0.03,,0.14,,,2,,30,,14,<0.05,,,,,,,,,,,,,,,,,,,,,,,,,,,,,,,,,,,
11001,20181107,持田崎橋,養老川上流,A,1310,流心（中央）,0.2,市原市,曇り,19.4,16.5,1,1.97,0.12,,8.2,10,1.3,4.1,2,3.30E+04,,1,0.13,0.002,,,,<0.0003,<0.1,<0.001,<0.005,0.001,<0.0005,,<0.0005,<0.002,<0.0002,<0.0004,<0.01,<0.004,<0.1,<0.0006,<0.001,<0.001,<0.0002,<0.0006,<0.0003,<0.002,<0.001,<0.001,,0.04,0.72,>30.0,,0.76,<0.005,<0.005,<0.01,<0.1,<0.1,<0.02,<0.0006,0.11,,0.1,,,3.4,,31,,14,<0.05,<0.002,<0.001,,,,,,<0.0006,<0.004,<0.006,<0.02,<0.0008,<0.0005,<0.0003,<0.004,<0.004,<0.005,<0.0008,<0.0008,<0.003,<0.0008,<0.0001,<0.06,<0.04,<0.006,<0.007,<0.0002,<0.00004,0.02,<0.0002,,,,,
11001,20181205,持田崎橋,養老川上流,A,1215,流心（中央）,0.2,市原市,曇り,19.8,16,1.1,1.65,0.11,,8.1,10,1.6,5.1,2,4.90E+03,,1,0.13,,,,,,,,,,,,,,,,,,,,,,,,,,,,0.09,0.04,0.72,>30.0,<0.1,0.76,,,,,,,,0.12,,0.12,,,3.1,,26,,13,<0.05,,,,,,,,,,,,,,,,,,,,,,,,,,,,,,,,,,,
11001,20190109,持田崎橋,養老川上流,A,950,流心（中央）,0.2,市原市,晴れ,6,5.1,1.02,0.65,0.04,,8.1,12,0.8,2.8,<1,7.90E+02,,1.6,0.18,,,,,,,,,,,,,,,,,,,,,,,,,,,,,0.03,1,>30.0,,1,,,,,,,,0.31,,0.17,,,1.8,,36,,15,<0.05,,,,,,,,,,,,,,,,,,,,,,,,,,,,,,,,,,,
11001,20190205,持田崎橋,養老川上流,A,1430,流心（中央）,0.2,市原市,曇り,9.1,8.5,0.98,0.69,0.04,,8.3,11,2.7,4.1,2,4.90E+03,,1.9,0.19,0.002,,,,<0.0003,<0.1,<0.001,<0.005,0.001,<0.0005,,<0.0005,<0.002,<0.0002,<0.0004,<0.01,<0.004,<0.1,<0.0006,<0.001,<0.001,<0.0002,<0.0006,<0.0003,<0.002,<0.001,<0.001,,0.04,1.2,>30.0,,1.2,<0.005,<0.005,<0.01,<0.1,<0.1,<0.02,,0.28,,0.18,,,3.4,,36,,17,<0.05,,,,,,,,,,,,,,,,,,,,,,,,,,,,,,,,,,,
11001,20190308,持田崎橋,養老川上流,A,1435,流心（中央）,0.2,市原市,晴れ,10.8,9,1.1,3.25,0.2,,7.2,11,1.9,6,2,1.30E+03,,1.7,0.11,,,,,,,,,,,,,,,,,,,,,,,,,,,,<0.08,0.03,0.62,>30.0,<0.1,0.65,,,,,,,,0.14,,0.1,,,4.1,,17,,10,<0.05,,,,,,,,,,,,,,,,,,,,,,,,,,,,,,,,,,,
11010,20180413,浅井橋,養老川中流,B,1125,流心（中央）,0.2,市原市,晴れ,20.3,17.4,1.92,0.58,<0.01,,9.2,14,7.9,10,33,3.30E+03,,0.71,0.12,,,,,,,,,,,,,,,,,,,,,,,,,,,,,<0.03,<0.03,12,,<0.06,,,,,,,,0.05,,0.011,,,6.3,,29,,16,<0.05,,,,,,,,,,,,,,,,,,,,,,,,,,,,,,,,,,,
11010,20180522,浅井橋,養老川中流,B,1605,流心（中央）,0.2,市原市,晴れ,24.6,23,2.1,0.94,<0.01,,8.9,11,5,7.3,3,4.90E+03,,0.73,0.085,0.004,,,,<0.0003,<0.1,<0.001,<0.005,0.001,<0.0005,,<0.0005,<0.002,<0.0002,<0.0004,<0.01,<0.004,<0.1,<0.0006,<0.001,<0.001,<0.0002,<0.0006,<0.0003,<0.002,<0.001,<0.001,,<0.03,<0.03,>30.0,,<0.06,<0.005,<0.005,<0.01,0.1,<0.1,<0.02,,0.1,,0.021,,,5.7,,28,,13,<0.05,,,,,,,,,,,,,,,,,,,,,,,,,,,,,,,,,,,
11010,20180613,浅井橋,養老川中流,B,1120,流心（中央）,0.2,市原市,曇り,25.2,23,1.72,1.34,<0.01,,7.3,9,1.9,6.1,2,3.30E+04,,0.98,0.15,,,,,,,,,,,,,,,,,,,,,,,,,,,,0.13,0.03,0.4,>30.0,<0.1,0.43,,,,,,,,0.05,,0.071,,,4.8,,25,,10,<0.05,,,,,,,,,,,,,,,,,,,,,,,,,,,,,,,,,,,
11010,20180704,浅井橋,養老川中流,B,1535,流心（中央）,0.2,市原市,曇り,26.3,26,1.6,1.47,0.01,,9.2,13,5.4,12,3,3.30E+03,,0.68,0.083,,,,,,,,,,,,,,,,,,,,,,,,,,,,,<0.03,<0.03,>30.0,,<0.06,,,,,,,,0.04,,0.008,,,5.5,,26,,12,<0.05,,,,,,,,,,,,,,,,,,,,,,,,,,,,,,,,,,,
11010,20180823,浅井橋,養老川中流,B,1110,流心（中央）,0.2,市原市,晴れ,32.6,28.6,1.88,4.45,0.03,,8.6,11,3.9,7.5,7,3.30E+03,,0.57,0.12,0.001,,,,<0.0003,<0.1,<0.001,<0.005,0.002,<0.0005,,<0.0005,<0.002,<0.0002,<0.0004,<0.01,<0.004,<0.1,<0.0006,<0.001,<0.001,<0.0002,<0.0006,<0.0003,<0.002,<0.001,<0.001,,<0.03,<0.03,>30.0,,<0.06,<0.005,<0.005,<0.01,<0.1,<0.1,<0.02,,<0.03,,0.066,,,7.3,,29,,16,<0.05,,,,,,,,,,,,,,,,,,,,,,,,,,,,,,,,,,,
11010,20180910,浅井橋,養老川中流,B,1500,流心（中央）,0.16,市原市,曇り,27.8,26.8,0.32,1.72,0.16,,8.7,11,3.8,7,8,2.40E+04,,0.76,0.15,,,,,,,,,,,,,,,,,,,,,,,,,,,,0.1,<0.03,<0.03,>30.0,<0.1,<0.06,,,,,,,,0.03,,0.077,,,5,,32,,14,<0.05,,,,,,,,,,,,,,,,,,,,,,,,,,,,,,,,,,,
11010,20181011,浅井橋,養老川中流,B,1110,流心（中央）,0.2,市原市,曇り,22.5,21.8,0.4,4.66,0.24,,7.9,9.5,1.7,5.6,1,1.30E+04,,1,0.1,,,,,,,,,,,,,,,,,,,,,,,,,,,,,<0.03,0.56,>30.0,,0.59,,,,,,,,<0.03,,0.069,,,3.3,,26,,13,<0.05,,,,,,,,,,,,,,,,,,,,,,,,,,,,,,,,,,,
11010,20181107,浅井橋,養老川中流,B,1150,流心（中央）,0.2,市原市,曇り,19,17.5,0.44,2.7,0.22,,8.4,12,1.5,5.3,6,2.40E+04,,1,0.068,0.002,,,,<0.0003,<0.1,0.002,<0.005,0.001,<0.0005,,<0.0005,<0.002,<0.0002,<0.0004,<0.01,<0.004,<0.1,<0.0006,<0.001,<0.001,<0.0002,<0.0006,<0.0003,<0.002,<0.001,<0.001,,<0.03,0.68,>30.0,,0.71,<0.005,<0.005,<0.01,0.1,<0.1,<0.02,<0.0006,<0.03,,0.062,,,3.7,,30,,13,<0.05,<0.002,<0.001,,,,,,<0.0006,<0.004,<0.006,<0.02,<0.0008,<0.0005,<0.0003,<0.004,<0.004,<0.005,<0.0008,<0.0008,<0.003,<0.0008,<0.0001,<0.06,<0.04,<0.006,<0.007,<0.0002,<0.00004,0.05,<0.0002,,,,,
11010,20181205,浅井橋,養老川中流,B,1055,流心（中央）,0.2,市原市,曇り,19.1,15.6,0.44,4.82,0.22,,8.2,11,2.7,5.1,4,4.90E+03,,1,0.079,,,,,,,,,,,,,,,,,,,,,,,,,,,,0.09,<0.03,0.56,>30.0,<0.1,0.59,,,,,,,,0.05,,0.032,,,3,,31,,13,<0.05,,,,,,,,,,,,,,,,,,,,,,,,,,,,,,,,,,,
11010,20190109,浅井橋,養老川中流,B,1130,流心（中央）,0.18,市原市,晴れ,5.6,6,0.37,1.61,0.1,,8.2,13,2.3,3.8,2,1.30E+03,,1.3,0.093,,,,,,,,,,,,,,,,,,,,,,,,,,,,,0.03,0.82,>30.0,,0.85,,,,,,,,0.18,,0.073,,,2.7,,34,,16,<0.05,,,,,,,,,,,,,,,,,,,,,,,,,,,,,,,,,,,
11010,20190205,浅井橋,養老川中流,B,1255,流心（中央）,0.13,市原市,曇り,7.7,8,0.26,1.55,0.09,,8.7,13,5.3,6.6,11,4.90E+03,,0.77,0.12,0.002,,,,<0.0003,<0.1,<0.001,<0.005,0.001,<0.0005,,<0.0005,<0.002,<0.0002,<0.0004,<0.01,<0.004,<0.1,<0.0006,<0.001,<0.001,<0.0002,<0.0006,<0.0003,<0.002,<0.001,<0.001,,<0.03,0.12,>30.0,,0.15,<0.005,<0.005,<0.01,0.2,<0.1,<0.02,,<0.03,,0.022,,,6.4,,34,,14,<0.05,,,,,,,,,,,,,,,,,,,,,,,,,,,,,,,,,,,
11010,20190308,浅井橋,養老川中流,B,1340,流心（中央）,0.2,市原市,晴れ,11.3,11.4,0.56,9.37,0.34,,7.2,10,2.8,6.2,4,1.30E+04,,1.3,0.085,,,,,,,,,,,,,,,,,,,,,,,,,,,,0.1,<0.03,0.66,>30.0,<0.1,0.69,,,,,,,,0.07,,0.065,,,4.7,,27,,11,<0.05,,,,,,,,,,,,,,,,,,,,,,,,,,,,,,,,,,,
11020,20180413,養老大橋,養老川下流,C,945,流心（中央）,0.2,市原市,晴れ,17.1,17.2,1.28,9.35,0.04,,8.5,11,4.8,8.1,11,1.30E+02,,1.1,0.085,,,,,,,,,,,,,,,,,,,,,,,,,,,,,<0.03,<0.03,>30.0,,<0.06,,,,,,,,0.49,,0.074,,,6,,3100,,12000,<0.05,,,,,,,,,,,,,,,,,,,,,,,,,,,,,,,,,,,
11020,20180522,養老大橋,養老川下流,C,1710,流心（中央）,0.2,市原市,晴れ,23.9,23.3,3.68,1.94,0.01,,8.6,10,10,9.5,12,3.30E+02,,0.94,0.071,0.006,<0.00006,0.0094,,<0.0003,<0.1,0.001,<0.005,0.002,<0.0005,,<0.0005,<0.002,<0.0002,<0.0004,<0.01,<0.004,<0.1,<0.0006,<0.001,<0.001,<0.0002,<0.0006,<0.0003,<0.002,<0.001,<0.001,,<0.03,<0.03,>30.0,,<0.06,<0.005,<0.005,<0.01,<0.1,0.1,<0.02,,0.24,,0.021,,,4.5,,2700,,12000,<0.05,,,,,,,,,,,,,,,,,,,,,,,,,,,,,,,,,,,
11020,20180613,養老大橋,養老川下流,C,1020,流心（中央）,0.2,市原市,曇り,23.9,22.4,2,6.7,0.05,,7.2,8.7,1.9,6.8,3,7.90E+04,,1,0.16,,,,,,,,,,,,,,,,,,,,,,,,,,,,0.16,0.03,0.33,>30.0,0.1,0.36,,,,,,,,0.2,,0.09,,,5.1,,180,,450,<0.05,,,,,,,,,,,,,,,,,,,,,,,,,,,,,,,,,,,
11020,20180704,養老大橋,養老川下流,C,1450,流心（中央）,0.2,市原市,曇り,30.6,28.2,3.4,8.66,0.07,,8.5,11,6,8.4,9,1.30E+03,,0.6,0.063,,,,,,,,,,,,,,,,,,,,,,,,,,,,,<0.03,<0.03,>30.0,,<0.06,,,,,,,,0.03,,0.012,,,4.7,,2400,,11000,<0.05,,,,,,,,,,,,,,,,,,,,,,,,,,,,,,,,,,,
11020,20180823,養老大橋,養老川下流,C,920,流心（中央）,0.2,市原市,晴れ,30.7,30.9,1.52,7.27,0.05,,8.2,8.1,4,6,9,2.40E+03,,0.79,0.18,0.003,,,,<0.0003,<0.1,<0.001,<0.005,0.002,<0.0005,,<0.0005,<0.002,<0.0002,<0.0004,<0.01,<0.004,<0.1,<0.0006,<0.001,<0.001,<0.0002,<0.0006,<0.0003,<0.002,<0.001,<0.001,,<0.03,<0.03,>30.0,,<0.06,<0.005,<0.005,<0.01,<0.1,<0.1,<0.02,,0.12,,0.14,,,5.3,,1900,,7500,<0.05,,,,,,,,,,,,,,,,,,,,,,,,,,,,,,,,,,,
11020,20180910,養老大橋,養老川下流,C,1115,流心（中央）,0.2,市原市,曇り,28.5,29.1,2.14,24.4,0.15,,8.4,8.9,3.6,7,8,3.30E+02,,0.55,0.12,,,,,,,,,,,,,,,,,,,,,,,,,,,,0.44,<0.03,<0.03,>30.0,2,<0.06,,,,,,,,0.07,,0.07,,,5.6,,2200,,10000,<0.05,,,,,,,,,,,,,,,,,,,,,,,,,,,,,,,,,,,
11020,20181011,養老大橋,養老川下流,C,1210,流心（中央）,0.2,市原市,曇り,23.5,24.2,1.68,10,0.04,,7.9,8.1,1.2,4.7,4,7.90E+03,,1,0.075,,,,,,,,,,,,,,,,,,,,,,,,,,,,,<0.03,0.39,>30.0,,0.42,,,,,,,,0.05,,0.068,,,3.3,,1800,,7500,<0.05,,,,,,,,,,,,,,,,,,,,,,,,,,,,,,,,,,,
11020,20181107,養老大橋,養老川下流,C,1030,流心（中央）,0.2,市原市,晴れ,21.4,18.6,1.62,21.2,0.07,,7.8,8.1,1,4.8,5,4.90E+03,,1.1,0.081,0.002,<0.00006,<0.0006,,<0.0003,<0.1,<0.001,<0.005,0.001,<0.0005,,<0.0005,<0.002,<0.0002,<0.0004,<0.01,<0.004,<0.1,<0.0006,<0.001,<0.001,<0.0002,<0.0006,<0.0003,<0.002,<0.001,<0.001,,<0.03,0.4,>30.0,,0.43,<0.005,<0.005,<0.01,<0.1,<0.1,<0.02,<0.0006,0.2,,0.078,,,3.2,,1400,,5300,<0.05,<0.002,<0.001,,,,,,<0.0006,<0.004,<0.006,<0.02,<0.0008,<0.0005,<0.0003,<0.004,<0.004,<0.005,<0.0008,<0.0008,<0.003,<0.0008,<0.0001,<0.06,<0.04,<0.006,<0.007,<0.0002,<0.00004,0.07,0.0009,<0.001,<0.1,<0.00007,<0.002,<0.0003
11020,20181205,養老大橋,養老川下流,C,1125,流心（中央）,0.2,市原市,曇り,19.7,16.8,1.74,12.2,0.04,,7.9,9,1.9,4.4,7,7.90E+03,,0.92,0.07,,,,,,,,,,,,,,,,,,,,,,,,,,,,0.24,<0.03,0.45,>30.0,0.8,0.48,,,,,,,,0.15,,0.051,,,3.3,,960,,3500,<0.05,,,,,,,,,,,,,,,,,,,,,,,,,,,,,,,,,,,
11020,20190109,養老大橋,養老川下流,C,1250,流心（中央）,0.2,市原市,晴れ,8.1,9,1.8,20.9,0.06,,8,9.2,1.5,3.4,9,2.40E+02,,1,0.06,,,,,,,,,,,,,,,,,,,,,,,,,,,,,<0.03,0.34,>30.0,,0.37,,,,,,,,0.15,,0.047,,,2.9,,3500,,15000,<0.05,,,,,,,,,,,,,,,,,,,,,,,,,,,,,,,,,,,
11020,20190205,養老大橋,養老川下流,C,1125,流心（中央）,0.2,市原市,曇り,8,9.2,1.6,14.9,0.05,,8.4,11,6.3,6.8,12,7.90E+02,,1,0.055,0.003,,,,<0.0003,<0.1,<0.001,<0.005,0.001,<0.0005,,<0.0005,<0.002,<0.0002,<0.0004,<0.01,<0.004,<0.1,<0.0006,<0.001,<0.001,<0.0002,<0.0006,<0.0003,<0.002,<0.001,<0.001,,<0.03,0.17,>30.0,,0.2,<0.005,<0.005,<0.01,<0.1,<0.1,<0.02,,0.03,,0.025,,,4,,1600,,7300,<0.05,,,,,,,,,,,,,,,,,,,,,,,,,,,,,,,,,,,
11020,20190308,養老大橋,養老川下流,C,1205,流心（中央）,0.2,市原市,晴れ,12.8,10.3,1.3,12.1,0.07,,7.1,11,2.2,7,5,2.40E+03,,1.5,0.11,,,,,,,,,,,,,,,,,,,,,,,,,,,,0.12,<0.03,0.7,>30.0,<0.1,0.73,,,,,,,,0.12,,0.065,,,4.8,,79,,160,<0.05,,,,,,,,,,,,,,,,,,,,,,,,,,,,,,,,,,,
11030,20180412,新瀬又橋,村田川,C,1135,流心（中央）,0.2,市原市,曇り,22.3,17.4,1.58,0.09,<0.01,,8,9.9,0.5,1.9,<1,2.40E+04,,1.9,0.047,,,,,,,,,,,,,,,,,,,,,,,,,,,,,<0.03,1.6,>30.0,,1.7,,,,,,,,<0.03,,0.029,,,1.5,,27,,13,<0.05,,,,,,,,,,,,,,,,,,,,,,,,,,,,,,,,,,,
11030,20180531,新瀬又橋,村田川,C,915,流心（中央）,0.2,市原市,曇り,22.3,18.5,1.56,0.65,0.07,,7.7,9,1.7,4.5,3,2.40E+04,,1.4,0.063,0.007,,,,<0.0003,<0.1,<0.001,<0.005,0.001,<0.0005,,<0.0005,<0.002,<0.0002,<0.0004,<0.01,<0.004,<0.1,<0.0006,<0.001,<0.001,<0.0002,<0.0006,<0.0003,<0.002,<0.001,<0.001,<0.08,<0.03,0.93,>30.0,<0.1,0.96,<0.005,<0.005,<0.01,0.2,<0.1,<0.02,,0.03,,0.026,,,2,,19,,9,<0.05,,,,,,,,,,,,,,,,,,,,,,,,,,,,,,,,,,,
11030,20180618,新瀬又橋,村田川,C,1105,流心（中央）,0.2,市原市,曇り,22.6,18.6,1.34,0.56,0.06,,7.9,9.6,1.4,2.5,2,3.30E+03,,1.5,0.047,,,,,,,,,,,,,,,,,,,,,,,,,,,,,<0.03,1.2,>30.0,,1.3,,,,,,,,0.05,,0.04,,,2.5,,25,,11,<0.05,,,,,,,,,,,,,,,,,,,,,,,,,,,,,,,,,,,
11030,20180713,新瀬又橋,村田川,C,1335,流心（中央）,0.2,市原市,晴れ,33.8,22.7,1.42,0.38,0.04,,7.8,9.6,0.7,2.5,<1,1.30E+04,,1.5,0.046,,,,,,,,,,,,,,,,,,,,,,,,,,,,<0.08,<0.03,1.3,>30.0,<0.1,1.4,,,,,,,,0.03,,0.044,,,1.3,,27,,13,<0.05,,,,,,,,,,,,,,,,,,,,,,,,,,,,,,,,,,,
11030,20180813,新瀬又橋,村田川,C,1010,流心（中央）,0.2,市原市,晴れ,31.2,24.4,1.26,0.24,0.03,,7.9,8.7,0.5,3.4,1,2.40E+04,,1.4,0.045,0.003,,,,<0.0003,<0.1,<0.001,<0.005,0.001,<0.0005,,<0.0005,<0.002,<0.0002,<0.0004,<0.01,<0.004,<0.1,<0.0006,<0.001,<0.001,<0.0002,<0.0006,<0.0003,<0.002,<0.001,<0.001,,<0.03,1.2,>30.0,,1.2,<0.005,<0.005,<0.01,0.2,<0.1,<0.02,,<0.03,,0.038,,,2.1,,25,,12,<0.05,,,,,,,,,,,,,,,,,,,,,,,,,,,,,,,,,,,
11030,20180912,新瀬又橋,村田川,C,940,流心（中央）,0.2,市原市,晴れ,24.8,19.1,1.36,0.48,0.05,,7.8,9.3,0.9,3.9,3,7.90E+04,,1.7,0.052,,,,,,,,,,,,,,,,,,,,,,,,,,,,,<0.03,1.2,>30.0,,1.2,,,,,,,,<0.03,,0.036,,,2.8,,23,,12,<0.05,,,,,,,,,,,,,,,,,,,,,,,,,,,,,,,,,,,
11030,20181002,新瀬又橋,村田川,C,1300,流心（中央）,0.2,市原市,晴れ,27.1,20.6,1.41,0.95,0.1,,7.7,9.2,1,4.4,3,2.40E+04,,1.3,0.059,,,,,,,,,,,,,,,,,,,,,,,,,,,,<0.08,<0.03,1,>30.0,<0.1,1,,,,,,,,0.05,,0.034,,,3,,22,,12,<0.05,,,,,,,,,,,,,,,,,,,,,,,,,,,,,,,,,,,
11030,20181106,新瀬又橋,村田川,C,1240,流心（中央）,0.2,市原市,曇り,20.7,16.9,1.12,0.26,0.03,,7.9,9.4,<0.5,2,<1,1.30E+04,,1.7,0.04,0.001,,,,<0.0003,<0.1,<0.001,<0.005,0.001,<0.0005,,<0.0005,<0.002,<0.0002,<0.0004,<0.01,<0.004,<0.1,<0.0006,<0.001,<0.001,<0.0002,<0.0006,<0.0003,<0.002,<0.001,<0.001,,<0.03,1.5,>30.0,,1.5,<0.005,<0.005,<0.01,0.2,<0.1,<0.02,,0.03,,0.04,,,1,,27,,13,<0.05,,,,,,,,,,,,,,,,,,,,,,,,,,,,,,,,,,,
11030,20181206,新瀬又橋,村田川,C,1305,流心（中央）,0.2,市原市,雨,9.8,12.9,1.44,0.39,0.04,,7.9,9.7,1,3,<1,2.40E+04,,1.7,0.053,,,,,,,,,,,,,,,,,,,,,,,,,,,,,<0.03,1.5,>30.0,,1.5,,,,,,,,0.06,,0.038,,,1.7,,26,,13,<0.05,,,,,,,,,,,,,,,,,,,,,,,,,,,,,,,,,,,
11030,20190104,新瀬又橋,村田川,C,1135,流心（中央）,0.2,市原市,晴れ,8.3,8.6,1.42,0.06,<0.01,,8,11,0.6,1.4,<1,3.30E+03,,1.8,0.047,,,,,,,,,,,,,,,,,,,,,,,,,,,,<0.08,0.03,1.7,>30.0,<0.1,1.7,,,,,,,,0.03,,0.041,,,1.2,,27,,13,<0.05,,,,,,,,,,,,,,,,,,,,,,,,,,,,,,,,,,,
11030,20190218,新瀬又橋,村田川,C,1210,流心（中央）,0.2,市原市,晴れ,12,11.4,1.45,0.03,<0.01,,8,11,0.7,2,1,2.40E+03,,1.8,0.051,0.002,,,,<0.0003,<0.1,<0.001,<0.005,0.001,<0.0005,,<0.0005,<0.002,<0.0002,<0.0004,<0.01,<0.004,<0.1,<0.0006,<0.001,<0.001,<0.0002,<0.0006,<0.0003,<0.002,<0.001,<0.001,,<0.03,1.7,>30.0,,1.7,<0.005,<0.005,<0.01,0.2,<0.1,<0.02,,0.03,,0.035,,,2.4,,27,,13,<0.05,,,,,,,,,,,,,,,,,,,,,,,,,,,,,,,,,,,
11030,20190305,新瀬又橋,村田川,C,1225,流心（中央）,0.2,市原市,晴れ,13.4,11.3,1.38,2.61,0.08,,7.5,10,1.7,4.9,2,3.30E+04,,1.6,0.074,,,,,,,,,,,,,,,,,,,,,,,,,,,,,<0.03,1.1,>30.0,,1.1,,,,,,,,0.04,,0.036,,,3.6,,19,,9,<0.05,,,,,,,,,,,,,,,,,,,,,,,,,,,,,,,,,,,
11041,20180412,江川橋,村田川,C,1040,流心（中央）,0.2,市原市,曇り,21.6,17.3,0.52,0.69,0.06,,8,10,1,2.9,3,2.40E+04,,1.6,0.075,,,,,,,,,,,,,,,,,,,,,,,,,,,,,0.03,1.2,>30.0,,1.2,,,,,,,,0.06,,0.038,,,2.1,,30,,19,<0.05,,,,,,,,,,,,,,,,,,,,,,,,,,,,,,,,,,,
11041,20180531,江川橋,村田川,C,1020,流心（中央）,0.2,市原市,曇り,22.2,19.2,0.43,2.31,0.23,,7.8,9.4,2.8,6.2,4,3.30E+04,,1.2,0.099,0.007,,,,<0.0003,<0.1,0.001,<0.005,0.001,<0.0005,,<0.0005,<0.002,<0.0002,<0.0004,<0.01,<0.004,<0.1,<0.0006,<0.001,<0.001,<0.0002,<0.0006,<0.0003,<0.002,<0.001,<0.001,0.1,0.03,0.8,>30.0,<0.1,0.83,<0.005,<0.005,<0.01,0.2,<0.1,<0.02,,<0.03,,0.036,,,3.8,,23,,15,<0.05,,,,,,,,,,,,,,,,,,,,,,,,,,,,,,,,,,,
11041,20180618,江川橋,村田川,C,1200,流心（中央）,0.2,市原市,曇り,22.8,18.8,0.4,2.35,0.25,,8,9.6,1.4,3,<1,2.40E+04,,1.4,0.056,,,,,,,,,,,,,,,,,,,,,,,,,,,,,<0.03,1.1,>30.0,,1.1,,,,,,,,0.08,,0.049,,,2.9,,30,,21,<0.05,,,,,,,,,,,,,,,,,,,,,,,,,,,,,,,,,,,
11041,20180713,江川橋,村田川,C,1205,流心（中央）,0.2,市原市,晴れ,33.9,24.1,0.53,1.53,0.19,,8,9.5,1,3.2,4,3.30E+04,,1.4,0.064,,,,,,,,,,,,,,,,,,,,,,,,,,,,0.09,<0.03,1.1,>30.0,<0.1,1.1,,,,,,,,0.06,,0.058,,,2.2,,32,,22,<0.05,,,,,,,,,,,,,,,,,,,,,,,,,,,,,,,,,,,
11041,20180813,江川橋,村田川,C,1115,流心（中央）,0.2,市原市,晴れ,30.7,24.3,0.45,1.33,0.18,,8,9,0.8,4.5,2,2.40E+04,,1.3,0.065,0.006,,,,<0.0003,<0.1,<0.001,<0.005,0.001,<0.0005,,<0.0005,<0.002,<0.0002,<0.0004,<0.01,<0.004,<0.1,<0.0006,<0.001,<0.001,<0.0002,<0.0006,<0.0003,<0.002,<0.001,<0.001,,<0.03,1.1,>30.0,,1.1,<0.005,<0.005,<0.01,0.2,<0.1,<0.02,,<0.03,,0.048,,,2.3,,31,,21,<0.05,,,,,,,,,,,,,,,,,,,,,,,,,,,,,,,,,,,
11041,20180912,江川橋,村田川,C,1030,流心（中央）,0.2,市原市,晴れ,25.5,20.1,0.96,2.74,0.19,,7.9,9.9,0.8,4.3,6,3.30E+04,,1.6,0.057,,,,,,,,,,,,,,,,,,,,,,,,,,,,,<0.03,1,>30.0,,1.1,,,,,,,,0.03,,0.05,,,2.9,,28,,19,<0.05,,,,,,,,,,,,,,,,,,,,,,,,,,,,,,,,,,,
11041,20181002,江川橋,村田川,C,1410,流心（中央）,0.2,市原市,晴れ,27,21.6,1,3.36,0.22,,7.9,9.2,1.1,4.5,4,4.90E+04,,1.3,0.069,,,,,,,,,,,,,,,,,,,,,,,,,,,,0.09,<0.03,0.97,>30.0,<0.1,1,,,,,,,,0.06,,0.043,,,3.2,,27,,18,<0.05,,,,,,,,,,,,,,,,,,,,,,,,,,,,,,,,,,,
11041,20181106,江川橋,村田川,C,1130,流心（中央）,0.2,市原市,曇り,22.7,17.4,0.52,1.54,0.18,,8,9.9,<0.5,2.5,<1,4.90E+04,,1.5,0.059,0.002,,,,<0.0003,<0.1,<0.001,<0.005,0.001,<0.0005,,<0.0005,<0.002,<0.0002,<0.0004,<0.01,<0.004,<0.1,<0.0006,<0.001,<0.001,<0.0002,<0.0006,<0.0003,<0.002,<0.001,<0.001,,<0.03,1.2,>30.0,,1.2,<0.005,<0.005,<0.01,0.1,<0.1,<0.02,,0.04,,0.056,,,1.2,,32,,24,<0.05,,,,,,,,,,,,,,,,,,,,,,,,,,,,,,,,,,,
11041,20181206,江川橋,村田川,C,1200,流心（中央）,0.2,市原市,雨,10.3,13,0.66,0.95,0.08,,7.9,10,1.3,3.3,1,7.90E+04,,1.7,0.074,,,,,,,,,,,,,,,,,,,,,,,,,,,,,0.03,1.2,>30.0,,1.3,,,,,,,,0.1,,0.064,,,2.1,,35,,38,<0.05,,,,,,,,,,,,,,,,,,,,,,,,,,,,,,,,,,,
11041,20190104,江川橋,村田川,C,1040,流心（中央）,0.2,市原市,晴れ,8.2,8.8,0.68,0.7,0.05,,8,12,0.8,1.8,<1,2.40E+03,,1.6,0.065,,,,,,,,,,,,,,,,,,,,,,,,,,,,<0.08,0.05,1.4,>30.0,<0.1,1.4,,,,,,,,0.11,,0.059,,,1.4,,29,,15,<0.05,,,,,,,,,,,,,,,,,,,,,,,,,,,,,,,,,,,
11041,20190218,江川橋,村田川,C,1110,流心（中央）,0.2,市原市,晴れ,12.9,10.2,0.54,0.87,0.08,,8,12,1,2.4,1,1.30E+03,,1.7,0.077,0.003,,,,<0.0003,<0.1,<0.001,<0.005,0.001,<0.0005,,<0.0005,<0.002,<0.0002,<0.0004,<0.01,<0.004,<0.1,<0.0006,<0.001,<0.001,<0.0002,<0.0006,<0.0003,<0.002,<0.001,<0.001,,<0.03,1.4,>30.0,,1.4,<0.005,<0.005,<0.01,0.2,<0.1,<0.02,,0.08,,0.059,,,2.9,,32,,22,<0.05,,,,,,,,,,,,,,,,,,,,,,,,,,,,,,,,,,,
11041,20190305,江川橋,村田川,C,1135,流心（中央）,0.2,市原市,晴れ,11,12.1,0.69,3.24,0.31,,7.6,11,1.8,5.2,2,3.30E+05,,1.7,0.069,,,,,,,,,,,,,,,,,,,,,,,,,,,,,<0.03,1.1,>30.0,,1.2,,,,,,,,0.07,,0.039,,,3.9,,23,,16,<0.05,,,,,,,,,,,,,,,,,,,,,,,,,,,,,,,,,,,
11050,20180412,新村田橋,村田川,C,925,流心（中央）,0.2,市原市,曇り,22.1,17.5,0.96,0.15,<0.01,,7.8,8.8,1,3.4,2,2.40E+04,,2.4,0.079,,,,,,,,,,,,,<0.002,,,,,,,,,,,,,,,,0.08,1.3,>30.0,,1.4,,,,,,,,0.69,,0.059,,,2.8,,380,,1100,<0.05,,,,,,,,,,,,,,,,,,,,,,,,,,,,,,,,,,,
11050,20180531,新村田橋,村田川,C,1145,流心（中央）,0.2,市原市,曇り,22.6,19.4,0.81,3.55,0.21,,7.8,8.8,2.9,6.5,1,2.40E+04,,2.3,0.1,0.009,<0.00006,0.0036,,<0.0003,<0.1,0.001,<0.005,0.001,<0.0005,,<0.0005,<0.002,<0.0002,<0.0004,<0.01,<0.004,<0.1,<0.0006,<0.001,<0.001,<0.0002,<0.0006,<0.0003,<0.002,<0.001,<0.001,0.12,0.07,1.1,>30.0,0.1,1.2,<0.005,<0.005,<0.01,0.2,<0.1,<0.02,,0.71,,0.055,,,2.9,,100,,230,<0.05,,,,,,,,,,,,,,,,,,,,,,,,,,,,,,,,,,,
11050,20180618,新村田橋,村田川,C,1355,流心（中央）,0.2,市原市,曇り,22.4,19.3,0.55,3.52,0.24,,7.7,8,1.7,4.1,7,3.30E+04,,2.5,0.07,,,,,,,,,,,,,<0.002,,,,,,,,,,,,,,,,0.1,0.88,>30.0,,0.98,,,,,,,,1,,0.058,,,3.8,,1100,,4000,<0.05,,,,,,,,,,,,,,,,,,,,,,,,,,,,,,,,,,,
11050,20180713,新村田橋,村田川,C,1110,流心（中央）,0.2,市原市,曇り,32.2,26.1,0.4,2.95,0.32,,7.7,7.8,2.1,5.6,3,3.30E+04,,2.9,0.1,,,,,,,,,,,,,<0.002,,,,,,,,,,,,,,,0.13,0.07,0.73,>30.0,0.7,0.8,,,,,,,,1.9,,0.089,,,3.9,,920,,3300,<0.05,,,,,,,,,,,,,,,,,,,,,,,,,,,,,,,,,,,
11050,20180813,新村田橋,村田川,C,1210,流心（中央）,0.19,市原市,晴れ,32,28.4,0.39,3.43,0.29,,7.7,7.9,1.4,6.5,6,3.30E+04,,3.1,0.11,0.011,,,,<0.0003,<0.1,0.001,<0.005,0.002,<0.0005,,<0.0005,<0.002,<0.0002,<0.0004,<0.01,<0.004,<0.1,<0.0006,<0.001,<0.001,<0.0002,<0.0006,<0.0003,<0.002,<0.001,<0.001,,0.17,0.86,>30.0,,1,<0.005,<0.005,<0.01,<0.1,0.1,<0.02,,1.7,,0.081,,,3.7,,970,,3300,<0.05,,,,,,,,,,,,,,,,,,,,,,,,,,,,,,,,,,,
11050,20180912,新村田橋,村田川,C,1230,流心（中央）,0.2,市原市,晴れ,25.1,22.7,0.67,4.81,0.22,,7.7,6.9,0.9,4.3,1,2.40E+05,,2.4,0.094,,,,,,,,,,,,,<0.002,,,,,,,,,,,,,,,,0.12,0.76,>30.0,,0.88,,,,,,,,0.83,,0.068,,,4,,1200,,4600,<0.05,,,,,,,,,,,,,,,,,,,,,,,,,,,,,,,,,,,
11050,20181002,新村田橋,村田川,C,1510,流心（中央）,0.2,市原市,晴れ,27,21.2,1.22,4.53,0.1,,7.7,8.9,1.6,5.9,3,3.30E+04,,2.2,0.076,,,,,,,,,,,,,<0.002,,,,,,,,,,,,,,,0.12,0.33,0.95,>30.0,0.1,1.2,,,,,,,,0.48,,0.045,,,4.2,,120,,280,<0.05,,,,,,,,,,,,,,,,,,,,,,,,,,,,,,,,,,,
11050,20181106,新村田橋,村田川,C,940,流心（中央）,0.2,市原市,曇り,21.5,18.9,0.58,3.04,0.1,,7.7,8.3,0.5,2.5,1,2.40E+04,,2.1,0.073,0.008,<0.00006,0.0007,,<0.0003,<0.1,<0.001,<0.005,0.001,<0.0005,,<0.0005,<0.002,<0.0002,<0.0004,<0.01,<0.004,<0.1,<0.0006,<0.001,<0.001,<0.0002,<0.0006,<0.0003,<0.002,<0.001,<0.001,,0.06,0.93,>30.0,,0.99,<0.005,<0.005,<0.01,<0.1,<0.1,<0.02,<0.0006,0.71,,0.068,,,2,,1000,,3900,<0.05,<0.002,<0.001,,,,,,<0.0006,<0.004,<0.006,<0.02,<0.0008,<0.0005,<0.0003,<0.004,<0.004,<0.005,<0.0008,<0.0008,<0.003,<0.0008,<0.0001,<0.06,<0.04,<0.006,<0.007,<0.0002,<0.00004,0.05,0.0007,<0.001,<0.1,<0.00007,<0.002,<0.0003
11050,20181206,新村田橋,村田川,C,1030,流心（中央）,0.2,市原市,雨,9.6,12.8,0.86,3.51,0.11,,7.7,8.4,1.2,3.3,1,7.90E+03,,2.7,0.08,,,,,,,,,,,,,<0.002,,,,,,,,,,,,,,,,0.08,1,>30.0,,1,,,,,,,,1.2,,0.076,,,2.9,,950,,3400,<0.05,,,,,,,,,,,,,,,,,,,,,,,,,,,,,,,,,,,
11050,20190104,新村田橋,村田川,C,925,流心（中央）,0.2,市原市,晴れ,7,8,1.12,1.9,0.05,,7.8,10,0.9,2.9,2,7.90E+03,,3.2,0.079,,,,,,,,,,,,,<0.002,,,,,,,,,,,,,,,0.16,0.06,1.3,>30.0,0.3,1.4,,,,,,,,1.4,,0.077,,,2.6,,520,,1500,<0.05,,,,,,,,,,,,,,,,,,,,,,,,,,,,,,,,,,,
11050,20190218,新村田橋,村田川,C,1010,流心（中央）,0.2,市原市,晴れ,8.7,8.6,0.91,3.92,0.12,,7.8,10,0.9,3.8,1,3.30E+03,,3.1,0.12,0.004,,,,<0.0003,<0.1,<0.001,<0.005,0.001,<0.0005,,<0.0005,<0.002,<0.0002,<0.0004,<0.01,<0.004,<0.1,<0.0006,<0.001,<0.001,<0.0002,<0.0006,<0.0003,<0.002,<0.001,<0.001,,0.06,1.5,>30.0,,1.5,<0.005,<0.005,<0.01,<0.1,<0.1,<0.02,,1.2,,0.1,,,4,,460,,1500,<0.05,,,,,,,,,,,,,,,,,,,,,,,,,,,,,,,,,,,
11050,20190305,新村田橋,村田川,C,1020,流心（中央）,0.2,市原市,晴れ,11.4,10.9,1.01,3.53,0.11,,7.4,10,1.8,6.7,4,1.30E+04,,2.3,0.052,,,,,,,,,,,,,<0.002,,,,,,,,,,,,,,,,0.05,1.2,>30.0,,1.3,,,,,,,,0.53,,0.045,,,4.4,,240,,710,<0.05,,,,,,,,,,,,,,,,,,,,,,,,,,,,,,,,,,,
11060,20180406,都橋,都川,E,820,流心（中央）,0.2,千葉市,曇り,19.4,16,3.67,2.78,0.05,,7.9,7.2,1.2,2.3,2,,,2.8,0.08,,,,,,,,,,,,,,,,,,,,,,,,,,,,,,,>30.0,,,,,,,,,,,,,,,,,,,,,,,,,,,,,,,,,,,,,,,,,,,,,,,,,,,,,,,
11060,20180524,都橋,都川,E,805,流心（中央）,0.2,千葉市,曇り,21.3,18.8,3.11,7.48,0.17,,7.4,8.4,1.6,5.3,11,,,0.94,0.093,0.011,0.00006,0.0046,,<0.0003,<0.1,<0.001,<0.005,<0.005,<0.0005,,,<0.002,<0.0002,<0.0004,<0.01,<0.004,<0.1,<0.0006,<0.001,<0.001,<0.0002,<0.0006,<0.0003,<0.002,<0.001,<0.005,<0.08,<0.03,0.62,>30.0,<0.1,0.65,,<0.005,<0.01,0.3,<0.1,<0.02,,0.04,,0.071,,,<2,,24,,33,0.11,,<0.001,,,,,,,,,,,,,,,,,,,,,,,,<0.007,,,,,,,,,
11060,20180613,都橋,都川,E,820,流心（中央）,0.2,千葉市,曇り,24.3,19.7,2.39,4.88,0.18,,7.9,6.5,<0.5,3,2,3.30E+03,<1,1.3,0.091,,,,,,,,,,,,,,,,,,,,,,,,,,,,,,,>30.0,,,<0.005,,,,,,<0.0006,,,,,,,,,,,,,,,,,,,<0.006,<0.004,<0.006,<0.02,<0.0008,<0.0005,<0.0003,<0.004,<0.004,<0.005,<0.0008,<0.0008,<0.003,<0.0008,<0.0001,<0.06,<0.04,<0.006,,<0.0002,<0.00004,0.16,0.0011,<0.001,<0.1,<0.00007,<0.002,<0.0003
11060,20180712,都橋,都川,E,750,流心（中央）,0.2,千葉市,晴れ,26.4,24.7,2.46,6.89,0.21,,8,6,0.9,3.3,2,,,1.9,0.1,,,,,<0.0003,<0.1,<0.001,<0.005,<0.005,<0.0005,,,<0.002,<0.0002,<0.0004,<0.01,<0.004,<0.1,<0.0006,<0.001,<0.001,<0.0002,,,,<0.001,,0.25,0.04,1.7,>30.0,1.1,1.8,,,<0.01,0.1,<0.1,<0.02,,0.16,,0.095,,,<2,,1200,,3700,<0.05,<0.002,,,,,,,,,,,,,,,,,,,,,,,,,,,,,,,,,,
11060,20180824,都橋,都川,E,810,流心（中央）,0.2,千葉市,曇り,28.3,25.3,3.29,7.06,0.17,,7.9,6,6.4,4.4,8,,,3,0.22,0.009,0.0002,0.027,,,,,,,,,<0.0005,,,,,,,,,,,<0.0006,<0.0003,<0.002,,,,,,>30.0,,,,,,,,,,,,,,,,,,,,,,,,,,,,,,,,,,,,,,,,,,,,,,,,,,,,,,,
11060,20180920,都橋,都川,E,830,流心（中央）,0.2,千葉市,曇り,22.9,21.6,2.55,4.06,0.11,,7.8,5.4,<0.5,3.5,3,4.90E+03,<1,2,0.096,,,,,<0.0003,<0.1,<0.001,<0.005,<0.005,<0.0005,,,<0.002,<0.0002,<0.0004,<0.01,<0.004,<0.1,<0.0006,<0.001,<0.001,<0.0002,,,,<0.001,<0.005,0.3,0.03,1.6,>30.0,1.4,1.7,,<0.005,,,,,,0.23,,0.087,,,<2,,1500,,4600,<0.05,,,,,,,,,,,,,,,,,,,,,,,,,,,,,,,,,,,
11060,20181014,都橋,都川,E,1010,流心（中央）,0.2,千葉市,曇り,18,17.3,2.23,3.3,0.1,,7.7,7.2,0.9,3.8,3,,,2.2,0.09,,,,,,,,,,,,,,,,,,,,,,,,,,,,,,,>30.0,,,,,,,,,,,,,,,,,,,,,,,,,,,,,,,,,,,,,,,,,,,,,,,,,,,,,,,
11060,20181108,都橋,都川,E,820,流心（中央）,0.2,千葉市,晴れ,16.5,15.9,3.15,10.2,0.22,,7.7,7.4,0.9,3.1,2,,,2.1,0.095,0.004,<0.00006,0.0047,,<0.0003,<0.1,<0.001,<0.005,<0.005,<0.0005,,,<0.002,<0.0002,<0.0004,<0.01,<0.004,<0.1,<0.0006,<0.001,<0.001,<0.0002,<0.0006,<0.0003,<0.002,<0.001,,0.2,0.05,2,>30.0,0.8,2.1,,<0.005,<0.01,<0.1,<0.1,<0.02,,0.14,,0.087,,,<2,,1000,,2600,<0.05,,,,,,,,,,,,,,,,,,,,,,,,,,,,,,,,,,,
11060,20181213,都橋,都川,E,830,流心（中央）,0.2,千葉市,晴れ,6.8,9,3.47,6.31,0.12,,7.5,9.8,1.8,3.9,5,7.00E+03,<1,2,0.082,,,,,,,,,,,,,,,,,,,,,,,,,,,,,,,>30.0,,,<0.005,,,,,,,,,,,,,,,,,,,,,,,,,,,,,,,,,,,,,,,,,,,,,,,,,,,,
11060,20190123,都橋,都川,E,805,流心（中央）,0.2,千葉市,晴れ,4.9,6.8,3.63,8.37,0.14,,7.8,9.7,,3.1,4,,,3.3,0.1,,,,,<0.0003,<0.1,<0.001,<0.005,<0.005,<0.0005,,,<0.002,<0.0002,<0.0004,<0.01,<0.004,<0.1,<0.0006,<0.001,<0.001,<0.0002,,,,<0.001,<0.005,0.16,0.08,2.7,>30.0,0.6,2.9,,,<0.01,0.3,<0.1,<0.02,,0.22,,0.09,,,<2,,800,,1800,<0.05,,,,,,,,,,,,,,,,,,,,,,,,,,,,,,,,,,,
11060,20190130,都橋,都川,E,958,流心（中央）,0.2,千葉市,,,,,,,,,,1.3,,,,,,,,,,,,,,,,,,,,,,,,,,,,,,,,,,,,,>30.0,,,,,,,,,,,,,,,,,,,,,,,,,,,,,,,,,,,,,,,,,,,,,,,,,,,,,,,
11060,20190214,都橋,都川,E,820,流心（中央）,0.2,千葉市,曇り,5,7.3,3.22,0.57,0.01,,7.6,9.8,1.3,2.3,2,,,3,0.091,0.004,0.00006,0.0082,,,,,,,,,,,,,,,,,,,,<0.0006,<0.0003,<0.002,,,,,,>30.0,,,,,,,,,,,,,,,,,,,,,,,,,,,,,,,,,,,,,,,,,,,,,,,,,,,,,,,
11060,20190313,都橋,都川,E,800,流心（中央）,0.2,千葉市,晴れ,12.1,11.3,3.76,8.67,0.15,,7.6,8.7,0.6,2.7,2,7.90E+03,<1,2.5,0.071,,,,,<0.0003,<0.1,<0.001,<0.005,<0.005,<0.0005,,,<0.002,<0.0002,<0.0004,<0.01,<0.004,<0.1,<0.0006,<0.001,<0.001,<0.0002,,,,<0.001,<0.005,0.11,<0.03,2.3,>30.0,0.4,2.4,,<0.005,,,,,,0.1,,0.053,,,<2,,530,,1200,<0.05,,,,,,,,,,,,,,,,,,,,,,,,,,,,,,,,,,,
11071,20180406,日本橋,葭川,E,850,流心（中央）,0.2,千葉市,曇り,20.5,16.3,3.56,0.34,0.01,,7.8,6.7,3.5,5.2,4,,,8.1,0.093,,,,,,,,,,,,,,,,,,,,,,,,,,,,,,,>30.0,,,,,,,,,,,,,,,,,,,,,,,,,,,,,,,,,,,,,,,,,,,,,,,,,,,,,,,
11071,20180524,日本橋,葭川,E,825,流心（中央）,0.2,千葉市,曇り,22.3,19.4,3.1,1.82,0.08,,7.4,8.1,1.7,4.3,6,,,1,0.09,0.027,0.00014,0.0045,,<0.0003,<0.1,0.002,<0.005,<0.005,<0.0005,,,<0.002,<0.0002,<0.0004,<0.01,<0.004,<0.1,<0.0006,<0.001,<0.001,<0.0002,<0.0006,<0.0003,<0.002,<0.001,<0.005,<0.08,0.07,0.62,>30.0,<0.1,0.69,,<0.005,<0.01,0.1,<0.1,<0.02,,0.23,,0.075,,,<2,,35,,71,0.08,,<0.001,,,,,,,,,,,,,,,,,,,,,,,,<0.007,,,,,,,,,
11071,20180613,日本橋,葭川,E,850,流心（中央）,0.2,千葉市,曇り,24.8,20.3,2.16,1.12,0.07,,7.9,6,2.9,2.4,1,3.30E+04,<1,7.6,0.093,,,,,,,,,,,,,,,,,,,,,,,,,,,,,,,>30.0,,,<0.005,,,,,,<0.0006,,,,,,,,,,,,,,,,,,,<0.006,<0.004,<0.006,<0.02,<0.0008,<0.0005,<0.0003,<0.004,<0.004,<0.005,<0.0008,<0.0008,<0.003,<0.0008,<0.0001,<0.06,<0.04,<0.006,,<0.0002,<0.00004,0.08,0.0006,<0.001,<0.1,<0.00007,<0.002,<0.0003
11071,20180712,日本橋,葭川,E,825,流心（中央）,0.2,千葉市,晴れ,30.2,24.6,2.22,0.97,0.06,,7.9,4.1,3.1,7.6,1,,,10,0.1,,,,,<0.0003,<0.1,0.002,<0.005,<0.005,<0.0005,,,<0.002,<0.0002,<0.0004,<0.01,<0.004,<0.1,<0.0006,<0.001,<0.001,<0.0002,,,,<0.001,,0.09,1.3,3.5,>30.0,0.5,4.9,,,<0.01,<0.1,<0.1,<0.02,,5.4,,0.089,,,4,,840,,2500,0.05,<0.002,,,,,,,,,,,,,,,,,,,,,,,,,,,,,,,,,,
11071,20180824,日本橋,葭川,E,855,流心（中央）,0.2,千葉市,曇り,29.6,26.3,2.62,5.81,0.28,,7.8,5.9,7.3,8.4,11,,,3.3,0.2,0.031,0.0036,0.0096,,,,,,,,,<0.0005,,,,,,,,,,,<0.0006,<0.0003,<0.002,,,,,,26.5,,,,,,,,,,,,,,,,,,,,,,,,,,,,,,,,,,,,,,,,,,,,,,,,,,,,,,,
11071,20180920,日本橋,葭川,E,840,流心（中央）,0.2,千葉市,曇り,24,20.9,2.71,0.49,0.02,,7.7,5.5,1.7,10,<1,7.90E+03,<1,7.6,0.095,,,,,<0.0003,<0.1,<0.001,<0.005,<0.005,<0.0005,,,<0.002,<0.0002,<0.0004,<0.01,<0.004,<0.1,<0.0006,<0.001,<0.001,<0.0002,,,,<0.001,<0.005,0.17,1.4,3.5,>30.0,0.8,5,,<0.005,,,,,,2.1,,0.083,,,4,,1100,,2800,<0.05,,,,,,,,,,,,,,,,,,,,,,,,,,,,,,,,,,,
11071,20181014,日本橋,葭川,E,1025,流心（中央）,0.2,千葉市,曇り,19.4,17.4,2.49,1.52,0.08,,7.6,5.6,4,7.2,2,,,5.7,0.097,,,,,,,,,,,,,,,,,,,,,,,,,,,,,,,>30.0,,,,,,,,,,,,,,,,,,,,,,,,,,,,,,,,,,,,,,,,,,,,,,,,,,,,,,,
11071,20181108,日本橋,葭川,E,850,流心（中央）,0.2,千葉市,晴れ,17.7,16,2.67,0.56,0.02,,7.7,5.8,4.2,7.9,3,,,9.5,0.13,0.013,0.0002,0.012,,<0.0003,<0.1,<0.001,<0.005,<0.005,<0.0005,,,<0.002,<0.0002,<0.0004,<0.01,<0.004,<0.1,<0.0006,<0.001,<0.001,<0.0002,<0.0006,<0.0003,<0.002,<0.001,,0.17,1.4,3.8,>30.0,0.8,5.2,,<0.005,<0.01,<0.1,<0.1,<0.02,,4.8,,0.12,,,5,,1300,,3600,<0.05,,,,,,,,,,,,,,,,,,,,,,,,,,,,,,,,,,,
11071,20181213,日本橋,葭川,E,900,流心（中央）,0.2,千葉市,晴れ,6.6,9.5,3.61,0.66,0.02,,7.5,6.6,3.2,6.5,1,3.30E+03,<1,9.4,0.096,,,,,,,,,,,,,,,,,,,,,,,,,,,,,,,>30.0,,,<0.005,,,,,,,,,,,,,,,,,,,,,,,,,,,,,,,,,,,,,,,,,,,,,,,,,,,,
11071,20190123,日本橋,葭川,E,835,流心（中央）,0.2,千葉市,晴れ,5.1,7.2,3.64,0.98,0.04,,7.8,6.6,,8.6,1,,,7.6,0.076,,,,,<0.0003,<0.1,<0.001,<0.005,<0.005,<0.0005,,,<0.002,<0.0002,<0.0004,<0.01,<0.004,<0.1,<0.0006,<0.001,<0.001,<0.0002,,,,<0.001,<0.005,<0.08,1.1,4.9,>30.0,0.4,6.1,,,<0.01,<0.1,<0.1,<0.02,,1.3,,0.06,,,5,,780,,1700,<0.05,,,,,,,,,,,,,,,,,,,,,,,,,,,,,,,,,,,
11071,20190130,日本橋,葭川,E,948,流心（中央）,0.2,千葉市,,,,,,,,,,1.8,,,,,,,,,,,,,,,,,,,,,,,,,,,,,,,,,,,,,>30.0,,,,,,,,,,,,,,,,,,,,,,,,,,,,,,,,,,,,,,,,,,,,,,,,,,,,,,,
11071,20190214,日本橋,葭川,E,845,流心（中央）,0.2,千葉市,曇り,5,6.9,3.08,2.02,0.08,,7.5,6.1,3.2,7.7,4,,,9.7,0.14,0.008,0.00011,0.0077,,,,,,,,,,,,,,,,,,,,<0.0006,<0.0003,<0.002,,,,,,>30.0,,,,,,,,,,,,,,,,,,,,,,,,,,,,,,,,,,,,,,,,,,,,,,,,,,,,,,,
11071,20190313,日本橋,葭川,E,830,流心（中央）,0.2,千葉市,晴れ,13.3,11.7,3.73,1.2,0.04,,7.7,5.5,4,9.7,1,1.40E+04,<1,10,0.098,,,,,<0.0003,<0.1,<0.001,<0.005,<0.005,<0.0005,,,<0.002,<0.0002,<0.0004,<0.01,<0.004,<0.1,<0.0006,<0.001,<0.001,<0.0002,,,,<0.001,<0.005,0.12,2.5,4.3,>30.0,0.5,6.8,,<0.005,,,,,,3.2,,0.068,,,5,,920,,2300,0.06,,,,,,,,,,,,,,,,,,,,,,,,,,,,,,,,,,,
11080,20180412,新花見川橋,印旛放水路下流,C,1025,流心（中央）,0.2,千葉市,曇り,23.6,18.8,3.66,-1.49,<0.01,,8.5,9.7,3.4,5.6,6,,,3.5,0.11,,,,,,,,,,,,,,,,,,,,,,,,,,,,,,,>30.0,,,,,,,,,,,,,,,,,,,,,,,,,,,,,,,,,,,,,,,,,,,,,,,,,,,,,,,
11080,20180516,新花見川橋,印旛放水路下流,C,1050,流心（中央）,0.2,千葉市,晴れ,26.5,23,2.77,8.07,0.1,,7.8,8.1,3.3,3.8,8,,,1.6,0.094,0.001,0.0001,<0.0006,,<0.0003,<0.1,0.001,<0.005,<0.005,<0.0005,,,<0.002,<0.0002,<0.0004,<0.01,<0.004,<0.1,<0.0006,<0.001,<0.001,<0.0002,<0.0006,<0.0003,<0.002,<0.001,<0.005,0.2,0.03,1.1,>30.0,0.8,1.2,,<0.005,<0.01,0.1,<0.1,<0.02,,0.14,,0.086,,,<2,,990,,2700,<0.05,,<0.001,,,,,,,,,,,,,,,,,,,,,,,,<0.007,,,,,,,,,
11080,20180614,新花見川橋,印旛放水路下流,C,1040,流心（中央）,0.2,千葉市,曇り,26,22.4,2.68,2.97,0.04,,7.7,6.6,0.9,3.5,4,3.30E+03,<1,1.6,0.12,,,,,,,,,,,,,,,,,,,,,,,,,,,,,,,>30.0,,,<0.005,,,,,,<0.0006,,,,,,,,,,,,,,,,,,,<0.006,<0.004,<0.006,<0.02,<0.0008,<0.0005,<0.0003,<0.004,<0.004,<0.005,<0.0008,<0.0008,<0.003,<0.0008,<0.0001,<0.06,<0.04,<0.006,,<0.0002,<0.00004,0.1,0.0009,<0.001,<0.1,<0.00007,<0.002,<0.0003
11080,20180718,新花見川橋,印旛放水路下流,C,1100,上層（表層）,0.2,千葉市,晴れ,34.8,31.2,3.77,6.47,0.07,,8.2,8.1,2.2,5.1,9,,,2.1,0.099,,,,,<0.0003,<0.1,<0.001,<0.005,<0.005,<0.0005,,,<0.002,<0.0002,<0.0004,<0.01,<0.004,<0.1,<0.0006,<0.001,<0.001,<0.0002,,,,<0.001,,0.08,0.05,1.6,>30.0,0.3,1.7,,,<0.01,<0.1,<0.1,<0.02,,0.05,,0.059,,,2,,390,,1000,<0.05,<0.002,,,,,,,,,,,,,,,,,,,,,,,,,,,,,,,,,,
11080,20180823,新花見川橋,印旛放水路下流,C,1010,下層,0.2,千葉市,晴れ,34.9,29.5,2.85,4.43,0.05,,8.1,6.4,3.7,5.6,7,,,2.1,0.14,0.008,0.00014,0.0014,,,,,,,,,<0.0005,,,,,,,,,,,<0.0006,<0.0003,<0.002,,,,,,>30.0,,,,,,,,,,,,,,,,,,,,,,,,,,,,,,,,,,,,,,,,,,,,,,,,,,,,,,,
11080,20180906,新花見川橋,印旛放水路下流,C,1010,混合,0.2,千葉市,晴れ,31.1,26.3,3.4,-13.7,<0.01,,7.9,6.1,1,4.9,11,7.90E+03,<1,2.7,0.13,,,,,<0.0003,<0.1,<0.001,<0.005,<0.005,<0.0005,,,<0.002,<0.0002,<0.0004,<0.01,<0.004,<0.1,<0.0006,<0.001,<0.001,<0.0002,,,,<0.001,<0.005,0.18,0.08,2.1,>30.0,0.2,2.3,,<0.005,,,,,,0.26,,0.11,,,2,,250,,570,<0.05,,,,,,,,,,,,,,,,,,,,,,,,,,,,,,,,,,,
11080,20181017,新花見川橋,印旛放水路下流,C,950,上層（表層）,0.2,千葉市,晴れ,23,19.8,3.68,0.81,0.01,,7.7,6.4,1.1,4.2,4,,,2.7,0.1,,,,,,,,,,,,,,,,,,,,,,,,,,,,,,,>30.0,,,,,,,,,,,,,,,,,,,,,,,,,,,,,,,,,,,,,,,,,,,,,,,,,,,,,,,
11080,20181115,新花見川橋,印旛放水路下流,C,1010,下層,0.2,千葉市,晴れ,15.2,14.7,3.89,16.4,0.13,,8,8.4,1.2,4,5,,,3.5,0.1,0.004,0.00006,0.001,,<0.0003,<0.1,<0.001,<0.005,<0.005,<0.0005,,,<0.002,<0.0002,<0.0004,<0.01,<0.004,<0.1,<0.0006,<0.001,<0.001,<0.0002,<0.0006,<0.0003,<0.002,<0.001,,0.24,0.19,3.2,>30.0,0.8,3.4,,<0.005,<0.01,<0.1,<0.1,<0.02,,0.12,,0.084,,,<2,,970,,2700,<0.05,,,,,,,,,,,,,,,,,,,,,,,,,,,,,,,,,,,
11080,20181214,新花見川橋,印旛放水路下流,C,1020,流心（中央）,0.2,千葉市,晴れ,9.9,10.4,3.88,18.3,0.14,,7.8,8.8,1.4,4,4,1.70E+03,<1,2.5,0.095,,,,,,,,,,,,,,,,,,,,,,,,,,,,,,,>30.0,,,<0.005,,,,,,,,,,,,,,,,,,,,,,,,,,,,,,,,,,,,,,,,,,,,,,,,,,,,
11080,20190117,新花見川橋,印旛放水路下流,C,1005,流心（中央）,0.2,千葉市,晴れ,8.9,7.7,3.89,3.56,0.03,,8.1,11,3.2,4.8,10,,,3.3,0.13,,,,,<0.0003,<0.1,<0.001,<0.005,<0.005,<0.0005,,,<0.002,<0.0002,<0.0004,<0.01,<0.004,<0.1,<0.0006,0.001,<0.001,<0.0002,,,,<0.001,<0.005,0.45,0.05,2.8,>30.0,1.9,2.9,,,<0.01,<0.1,<0.1,<0.02,,0.06,,0.067,,,<2,,2000,,5500,<0.05,,,,,,,,,,,,,,,,,,,,,,,,,,,,,,,,,,,
11080,20190208,新花見川橋,印旛放水路下流,C,1025,流心（中央）,0.2,千葉市,晴れ,9.5,9.8,3.36,13.7,0.13,,7.9,9.4,2.6,4.3,6,,,3.1,0.1,0.008,0.00007,<0.0006,,,,,,,,,,,,,,,,,,,,<0.0006,<0.0003,<0.002,,,,,,>30.0,,,,,,,,,,,,,,,,,,,,,,,,,,,,,,,,,,,,,,,,,,,,,,,,,,,,,,,
11080,20190314,新花見川橋,印旛放水路下流,C,1040,流心（中央）,0.2,千葉市,晴れ,11.7,14.1,3.65,13.8,0.12,,7.6,8.4,1.5,3.7,4,7.90E+02,<1,2.4,0.098,,,,,<0.0003,<0.1,<0.001,<0.005,<0.005,<0.0005,,,<0.002,<0.0002,<0.0004,<0.01,<0.004,<0.1,<0.0006,<0.001,<0.001,<0.0002,,,,<0.001,<0.005,0.43,0.06,1.9,>30.0,1.6,2,,<0.005,,,,,,0.28,,0.093,,,2,,1700,,4900,<0.05,,,,,,,,,,,,,,,,,,,,,,,,,,,,,,,,,,,
11090,20180417,八千代橋,海老川,E,928,流心（中央）,0.3,船橋市,曇り,16.3,16,1.59,2.9,0.15,,7.6,5.2,2.1,5.4,2,,,5.9,0.4,0.017,,0.017,,,,,,,,,,,,,,,,,,,,,,,,,0.24,0.26,4.6,>30.0,,4.9,,,,,,,,1,,0.34,,,2.8,,1000,,3300,<0.05,,,,,,,,,,,,,,,,,,,,,,,,,,,,,,,,,,,
11090,20180417,八千代橋,海老川,E,1335,流心（中央）,0.3,船橋市,曇り,15.9,16.3,1.27,0,0,,7.7,5.2,1.9,4.7,4,,,4.3,0.34,,,,,,,,,,,,,,,,,,,,,,,,,,,,,,,>30.0,,,,,,,,,,,,,,,2.6,,2200,,7800,,,,,,,,,,,,,,,,,,,,,,,,,,,,,,,,,,,,
11090,20180515,八千代橋,海老川,E,933,流心（中央）,0.31,船橋市,快晴,21.4,18.9,1.57,3.7,0.15,,7.6,5.9,1.9,4.5,2,,,4.6,0.24,,,,,,,,,,,,,,,,,,,,,,,,,,,,,0.15,3.5,>30.0,,3.6,,,,,,,,0.49,,0.19,,,2.3,,830,,2600,<0.05,,,,,,,,,,,,,,,,,,,,,,,,,,,,,,,,,,,
11090,20180515,八千代橋,海老川,E,1331,流心（中央）,0.38,船橋市,快晴,26,23,1.9,0,0,,7.8,6.3,2.1,4.3,5,,,3.3,0.25,,,,,,,,,,,,,,,,,,,,,,,,,,,,,,,>30.0,,,,,,,,,,,,,,,2.3,,1400,,5000,,,,,,,,,,,,,,,,,,,,,,,,,,,,,,,,,,,,
11090,20180516,八千代橋,海老川,E,1000,流心（中央）,0.2,船橋市,晴れ,22.8,18.6,1.38,3.5,0.16,,7.5,5.5,2.2,4.7,2,,,5.4,0.27,,,,,,,,,,,,,,,,,,,,,,,,,,,,,,,>30.0,,,,,,,,,,,,,,,,,,,1500,,,,,,,,,,,,,,,,,,,,,,,,,,,,,,,,,,,,
11090,20180516,八千代橋,海老川,E,1200,流心（中央）,0.2,船橋市,晴れ,24.6,21.4,1.15,0,0,,7.5,5.3,1.5,4.6,2,,,4.7,0.25,,,,,,,,,,,,,,,,,,,,,,,,,,,,,,,>30.0,,,,,,,,,,,,,,,,,,,3800,,,,,,,,,,,,,,,,,,,,,,,,,,,,,,,,,,,,
11090,20180516,八千代橋,海老川,E,1400,流心（中央）,0.3,船橋市,晴れ,27.4,23.4,1.88,0,0,,7.6,5.9,1.5,4.9,6,,,4.2,0.28,,,,,,,,,,,,,,,,,,,,,,,,,,,,,,,>30.0,,,,,,,,,,,,,,,,,,,4700,,,,,,,,,,,,,,,,,,,,,,,,,,,,,,,,,,,,
11090,20180516,八千代橋,海老川,E,1600,流心（中央）,0.5,船橋市,晴れ,23.4,23.7,2.82,0,0,,7.7,6.7,3.2,4.9,5,,,3.8,0.27,,,,,,,,,,,,,,,,,,,,,,,,,,,,,,,>30.0,,,,,,,,,,,,,,,,,,,5900,,,,,,,,,,,,,,,,,,,,,,,,,,,,,,,,,,,,
11090,20180516,八千代橋,海老川,E,1800,流心（中央）,0.5,船橋市,晴れ,22.5,22.8,2.85,2.04,0.09,,7.7,6.2,2,4.4,4,,,4.1,0.28,,,,,,,,,,,,,,,,,,,,,,,,,,,,,,,>30.0,,,,,,,,,,,,,,,,,,,5300,,,,,,,,,,,,,,,,,,,,,,,,,,,,,,,,,,,,
11090,20180516,八千代橋,海老川,E,2000,流心（中央）,0.5,船橋市,晴れ,21.4,21.8,2.88,0.9,0.04,,7.7,6.9,1.3,4.4,2,,,4.7,0.28,,,,,,,,,,,,,,,,,,,,,,,,,,,,,,,>30.0,,,,,,,,,,,,,,,,,,,2300,,,,,,,,,,,,,,,,,,,,,,,,,,,,,,,,,,,,
11090,20180516,八千代橋,海老川,E,2200,流心（中央）,0.4,船橋市,晴れ,20.8,21.8,2.32,3.78,0.1,,7.7,7.1,1.7,4.9,2,,,5.2,0.3,,,,,,,,,,,,,,,,,,,,,,,,,,,,,,,>30.0,,,,,,,,,,,,,,,,,,,890,,,,,,,,,,,,,,,,,,,,,,,,,,,,,,,,,,,,
11090,20180517,八千代橋,海老川,E,0,流心（中央）,0.4,船橋市,晴れ,20.4,21.4,2.02,1.95,0.06,,7.7,6.2,1.8,4.6,2,,,5.4,0.32,,,,,,,,,,,,,,,,,,,,,,,,,,,,,,,>30.0,,,,,,,,,,,,,,,,,,,850,,,,,,,,,,,,,,,,,,,,,,,,,,,,,,,,,,,,
11090,20180517,八千代橋,海老川,E,200,流心（中央）,0.4,船橋市,曇り,21,21.2,2.37,0,0,,7.7,6.3,1.4,4.6,1,,,5.4,0.32,,,,,,,,,,,,,,,,,,,,,,,,,,,,,,,>30.0,,,,,,,,,,,,,,,,,,,940,,,,,,,,,,,,,,,,,,,,,,,,,,,,,,,,,,,,
11090,20180517,八千代橋,海老川,E,400,流心（中央）,0.5,船橋市,曇り,20.8,20.8,2.82,0,0,,7.7,6.4,1.3,4.5,1,,,4.9,0.3,,,,,,,,,,,,,,,,,,,,,,,,,,,,,,,>30.0,,,,,,,,,,,,,,,,,,,2000,,,,,,,,,,,,,,,,,,,,,,,,,,,,,,,,,,,,
11090,20180517,八千代橋,海老川,E,600,流心（中央）,0.5,船橋市,曇り,20.8,21,2.87,0.91,0.04,,7.7,6.2,1.4,4.7,1,,,5.1,0.31,,,,,,,,,,,,,,,,,,,,,,,,,,,,,,,>30.0,,,,,,,,,,,,,,,,,,,1800,,,,,,,,,,,,,,,,,,,,,,,,,,,,,,,,,,,,
11090,20180517,八千代橋,海老川,E,800,流心（中央）,0.5,船橋市,晴れ,22.4,20.4,2.64,4.53,0.1,,7.7,5.9,1.3,4.9,2,,,5.3,0.31,,,,,,,,,,,,,,,,,,,,,,,,,,,,,,,>30.0,,,,,,,,,,,,,,,,,,,970,,,,,,,,,,,,,,,,,,,,,,,,,,,,,,,,,,,,
11090,20180517,八千代橋,海老川,E,1000,流心（中央）,0.3,船橋市,曇り,23.2,20.2,1.76,5.12,0.19,,7.6,5.7,1.6,4.9,2,,,5.8,0.36,,,,,,,,,,,,,,,,,,,,,,,,,,,,,,,>30.0,,,,,,,,,,,,,,,,,,,1200,,,,,,,,,,,,,,,,,,,,,,,,,,,,,,,,,,,,
11090,20180605,八千代橋,海老川,E,921,流心（中央）,0.5,船橋市,晴れ,26.2,22.8,2.34,1.18,0.09,,7.7,5.8,2.3,5.8,3,2.40E+05,<0.5,5.6,0.5,0.011,<0.00006,0.015,,<0.0003,<0.1,0.002,<0.005,0.001,<0.0005,,<0.0005,<0.002,<0.0002,<0.0004,<0.01,<0.004,<0.1,<0.0006,<0.001,<0.001,<0.0002,<0.0006,<0.0003,<0.002,<0.001,<0.001,0.2,0.27,4.4,>30.0,0.6,4.7,<0.005,<0.005,<0.01,<0.1,<0.1,<0.02,<0.0006,0.36,,0.43,,,2.9,,890,,2800,<0.05,<0.002,<0.001,,,,,,<0.0006,<0.004,<0.006,<0.02,<0.0008,<0.0005,<0.0003,<0.004,<0.004,<0.005,<0.0008,<0.0008,<0.003,<0.0008,<0.0001,<0.06,<0.04,<0.006,<0.007,<0.0002,<0.00004,0.04,0.0004,<0.001,<0.1,<0.00007,<0.002,<0.0003
11090,20180605,八千代橋,海老川,E,1335,流心（中央）,0.3,船橋市,晴れ,28.8,23.4,1.51,1.13,0.05,,7.9,7.4,1.7,5,2,3.30E+04,,6.4,0.41,,,,,,,,,,,,,,,,,,,,,,,,,,,,,,,>30.0,,,,,,,,,,,,,,,2.4,,590,,1600,,,,,,,,,,,,,,,,,,,,,,,,,,,,,,,,,,,,
11090,20180704,八千代橋,海老川,E,930,流心（中央）,0.5,船橋市,曇り,27.4,25.7,2.61,4.07,0.09,,7.9,6.3,3,5.6,3,,,6.1,0.43,,,,,,,,,,,,,,,,,,,,,,,,,,,,,0.27,5,>30.0,,5.3,,,,,,,,0.18,,0.39,,,3.4,,410,,1200,<0.05,,,,,,,,,,,,,,,,,,,,,,,,,,,,,,,,,,,
11090,20180704,八千代橋,海老川,E,1329,流心（中央）,0.4,船橋市,晴れ,30,25.6,1.86,1.06,0.03,,7.8,6.1,1.4,4.8,2,,,6.6,0.39,,,,,,,,,,,,,,,,,,,,,,,,,,,,,,,>30.0,,,,,,,,,,,,,,,2.6,,250,,700,,,,,,,,,,,,,,,,,,,,,,,,,,,,,,,,,,,,
11090,20180801,八千代橋,海老川,E,922,流心（中央）,0.5,船橋市,晴れ,29.8,25.2,2.52,5.48,0.13,,7.7,5.3,1.4,5.2,2,3.40E+04,<0.5,6,0.37,0.008,<0.00006,0.0098,,<0.0003,<0.1,<0.001,<0.005,<0.001,<0.0005,,,<0.002,<0.0002,<0.0004,<0.01,<0.004,<0.1,<0.0006,<0.001,<0.001,,,,,,<0.001,0.12,0.25,5,>30.0,,5.2,,<0.005,<0.01,<0.1,<0.1,<0.02,,0.37,,0.32,,,2.7,,410,,1100,<0.05,,,,,,,,,,,,,,,,,,,,,,,,,,,,,,,,,,,
11090,20180801,八千代橋,海老川,E,1300,流心（中央）,0.3,船橋市,快晴,33.2,28.2,1.61,0.93,0.04,,7.8,6,<0.5,4.8,2,1.30E+05,,5.8,0.37,,,,,,,,,,,,,,,,,,,,,,,,,,,,,,,>30.0,,,,,,,,,,,,,,,2.8,,660,,1900,,,,,,,,,,,,,,,,,,,,,,,,,,,,,,,,,,,,
11090,20180907,八千代橋,海老川,E,940,流心（中央）,0.3,船橋市,曇り,27.6,25,1.5,1.24,0.05,,7.6,4.4,1.7,5.8,2,,,6.8,0.5,,,,,,,,,,,,,,,,,,,,,,,,,,,,,0.21,5.4,>30.0,,5.6,,,,,,,,0.43,,0.44,,,3.5,,450,,1200,<0.05,,,,,,,,,,,,,,,,,,,,,,,,,,,,,,,,,,,
11090,20180907,八千代橋,海老川,E,1320,流心（中央）,0.5,船橋市,晴れ,29.1,27.2,2.53,0,0,,8,7.4,3.5,6.2,6,,,5,0.37,,,,,,,,,,,,,,,,,,,,,,,,,,,,,,,>30.0,,,,,,,,,,,,,,,3.8,,1000,,3000,,,,,,,,,,,,,,,,,,,,,,,,,,,,,,,,,,,,
11090,20181010,八千代橋,海老川,E,915,流心（中央）,0.4,船橋市,晴れ,25.9,21.2,2.2,5.69,0.15,,7.6,5.7,1.3,5.1,2,,,6.3,0.37,0.008,,0.016,,,,,,,,,,,,,,,,,,,,,,,,,0.24,0.32,5.2,>30.0,,5.5,,,,,,,,0.36,,0.32,,,2.8,,860,,2700,<0.05,,,,,,,,,,,,,,,,,,,,,,,,,,,,,,,,,,,
11090,20181010,八千代橋,海老川,E,1305,流心（中央）,0.3,船橋市,晴れ,26.7,23.2,1.82,0,0,,7.6,5.2,1.4,3.8,1,,,5,0.31,,,,,,,,,,,,,,,,,,,,,,,,,,,,,,,>30.0,,,,,,,,,,,,,,,2.4,,1800,,6200,,,,,,,,,,,,,,,,,,,,,,,,,,,,,,,,,,,,
11090,20181022,八千代橋,海老川,E,1000,流心（中央）,0.3,船橋市,快晴,19.4,17.8,1.55,1.02,0.12,,7.5,4.9,1.4,3.6,2,,,6.3,0.35,,,,,,,,,,,,,,,,,,,,,,,,,,,,,,,>30.0,,,,,,,,,,,,,,,,,,,4200,,,,,,,,,,,,,,,,,,,,,,,,,,,,,,,,,,,,
11090,20181022,八千代橋,海老川,E,1200,流心（中央）,0.3,船橋市,快晴,22.4,19.8,1.92,0.31,0.05,,7.5,4.5,1,3.4,2,,,5.2,0.33,,,,,,,,,,,,,,,,,,,,,,,,,,,,,,,>30.0,,,,,,,,,,,,,,,,,,,6900,,,,,,,,,,,,,,,,,,,,,,,,,,,,,,,,,,,,
11090,20181022,八千代橋,海老川,E,1400,流心（中央）,0.5,船橋市,快晴,24.6,20.3,2.59,0.37,0.05,,7.6,6.1,1.2,3.2,2,,,4.8,0.32,,,,,,,,,,,,,,,,,,,,,,,,,,,,,,,>30.0,,,,,,,,,,,,,,,,,,,7100,,,,,,,,,,,,,,,,,,,,,,,,,,,,,,,,,,,,
11090,20181022,八千代橋,海老川,E,1600,流心（中央）,0.5,船橋市,晴れ,22.4,20.2,2.79,1.18,0.16,,7.6,7.1,1.5,3.6,2,,,5.5,0.34,,,,,,,,,,,,,,,,,,,,,,,,,,,,,,,>30.0,,,,,,,,,,,,,,,,,,,6000,,,,,,,,,,,,,,,,,,,,,,,,,,,,,,,,,,,,
11090,20181022,八千代橋,海老川,E,1800,流心（中央）,0.5,船橋市,晴れ,18.2,18.5,2.59,3.37,0.08,,7.7,7.4,1.2,4,2,,,6.3,0.35,,,,,,,,,,,,,,,,,,,,,,,,,,,,,,,>30.0,,,,,,,,,,,,,,,,,,,3300,,,,,,,,,,,,,,,,,,,,,,,,,,,,,,,,,,,,
11090,20181022,八千代橋,海老川,E,2000,流心（中央）,0.3,船橋市,晴れ,17.2,18.2,1.93,3.35,0.12,,7.6,6.6,1.4,4.8,2,,,7,0.41,,,,,,,,,,,,,,,,,,,,,,,,,,,,,,,>30.0,,,,,,,,,,,,,,,,,,,2700,,,,,,,,,,,,,,,,,,,,,,,,,,,,,,,,,,,,
11090,20181022,八千代橋,海老川,E,2200,流心（中央）,0.2,船橋市,晴れ,15.2,18.8,1.49,0.9,0.14,,7.5,5.7,1,4.6,2,,,6.3,0.4,,,,,,,,,,,,,,,,,,,,,,,,,,,,,,,>30.0,,,,,,,,,,,,,,,,,,,4600,,,,,,,,,,,,,,,,,,,,,,,,,,,,,,,,,,,,
11090,20181023,八千代橋,海老川,E,0,流心（中央）,0.3,船橋市,晴れ,16.8,17.7,1.83,0.27,0.06,,7.5,5.4,1.2,4.5,2,,,6,0.41,,,,,,,,,,,,,,,,,,,,,,,,,,,,,,,>30.0,,,,,,,,,,,,,,,,,,,4600,,,,,,,,,,,,,,,,,,,,,,,,,,,,,,,,,,,,
11090,20181023,八千代橋,海老川,E,200,流心（中央）,0.4,船橋市,晴れ,14.2,18.2,2.43,0.39,0.08,,7.5,4.6,1.2,3.8,2,,,4.9,0.37,,,,,,,,,,,,,,,,,,,,,,,,,,,,,,,>30.0,,,,,,,,,,,,,,,,,,,7000,,,,,,,,,,,,,,,,,,,,,,,,,,,,,,,,,,,,
11090,20181023,八千代橋,海老川,E,400,流心（中央）,0.5,船橋市,曇り,14,17.4,2.61,0.83,0.11,,7.5,5.1,1.3,4.6,2,,,5.5,0.37,,,,,,,,,,,,,,,,,,,,,,,,,,,,,,,>30.0,,,,,,,,,,,,,,,,,,,4800,,,,,,,,,,,,,,,,,,,,,,,,,,,,,,,,,,,,
11090,20181023,八千代橋,海老川,E,600,流心（中央）,0.5,船橋市,曇り,15.8,17,2.52,2.78,0.07,,7.5,6.1,1.1,4.8,2,,,6.1,0.42,,,,,,,,,,,,,,,,,,,,,,,,,,,,,,,>30.0,,,,,,,,,,,,,,,,,,,3500,,,,,,,,,,,,,,,,,,,,,,,,,,,,,,,,,,,,
11090,20181023,八千代橋,海老川,E,800,流心（中央）,0.3,船橋市,雨,13.8,16.9,1.96,2.45,0.15,,7.5,5.6,1.2,4.6,2,,,6.6,0.41,,,,,,,,,,,,,,,,,,,,,,,,,,,,,,,>30.0,,,,,,,,,,,,,,,,,,,2800,,,,,,,,,,,,,,,,,,,,,,,,,,,,,,,,,,,,
11090,20181023,八千代橋,海老川,E,1000,流心（中央）,0.2,船橋市,雨,14.4,17.9,1.48,2.9,0.12,,7.5,4.9,1.4,3.9,2,,,5.7,0.35,,,,,,,,,,,,,,,,,,,,,,,,,,,,,,,>30.0,,,,,,,,,,,,,,,,,,,5100,,,,,,,,,,,,,,,,,,,,,,,,,,,,,,,,,,,,
11090,20181101,八千代橋,海老川,E,926,流心（中央）,0.5,船橋市,晴れ,15.3,16,2.29,0.25,0.04,,7.6,6.5,1.6,4.1,1,,,6.1,0.4,,,,,,,,,,,,,,,,,,,,,,,,,,,,,0.24,5.3,>30.0,,5.5,,,,,,,,0.41,,0.36,,,2.9,,1000,,3100,<0.05,,,,,,,,,,,,,,,,,,,,,,,,,,,,,,,,,,,
11090,20181101,八千代橋,海老川,E,1324,流心（中央）,0.5,船橋市,快晴,21,17.3,2.47,2.28,0.05,,7.6,7,1.3,3.8,2,,,5.8,0.38,,,,,,,,,,,,,,,,,,,,,,,,,,,,,,,>30.0,,,,,,,,,,,,,,,2.6,,1300,,4100,,,,,,,,,,,,,,,,,,,,,,,,,,,,,,,,,,,,
11090,20181205,八千代橋,海老川,E,915,流心（中央）,0.4,船橋市,曇り,18.6,15.2,1.99,2.94,0.09,,7.7,5.4,1.3,4.6,3,7.90E+04,<0.5,6.8,0.41,0.011,<0.00006,0.013,,<0.0003,<0.1,<0.001,<0.005,0.001,<0.0005,,,<0.002,<0.0002,<0.0004,<0.01,<0.004,<0.1,<0.0006,<0.001,<0.001,<0.0002,<0.0006,<0.0003,<0.002,<0.001,<0.001,0.19,0.32,5.8,>30.0,0.5,6.1,<0.005,<0.005,<0.01,0.1,<0.1,<0.02,,0.66,,0.38,,,2.7,,720,,2100,<0.05,,,,,,,,,,,,,,,,,,,,,,,,,,,,,,,,,,,
11090,20181205,八千代橋,海老川,E,1342,流心（中央）,0.53,船橋市,晴れ,22,17.2,2.67,0.41,0.03,,7.6,5.9,0.9,3.6,2,4.60E+04,,5.2,0.34,,,,,,,,,,,,,,,,,,,,,,,,,,,,,,,>30.0,,,,,,,,,,,,,,,2.4,,1800,,6400,,,,,,,,,,,,,,,,,,,,,,,,,,,,,,,,,,,,
11090,20190108,八千代橋,海老川,E,940,流心（中央）,0.5,船橋市,晴れ,4.8,8.4,2.51,2.38,0.1,,7.6,7.8,2.4,5.6,2,,,8.1,0.51,,,,,,,,,,,,,,,,,,,,,,,,,,,,,0.23,6,>30.0,,6.2,,,,,,,,0.58,,0.46,,,3.2,,860,,2700,<0.05,,,,,,,,,,,,,,,,,,,,,,,,,,,,,,,,,,,
11090,20190108,八千代橋,海老川,E,1218,流心（中央）,0.4,船橋市,晴れ,8.2,8.4,2.01,1.42,0.07,,7.5,8.3,2.3,5,1,,,8.7,0.51,,,,,,,,,,,,,,,,,,,,,,,,,,,,,,,>30.0,,,,,,,,,,,,,,,3,,550,,1600,,,,,,,,,,,,,,,,,,,,,,,,,,,,,,,,,,,,
11090,20190215,八千代橋,海老川,E,917,流心（中央）,0.46,船橋市,曇り,4.1,7.4,2.32,0.34,0.04,,7.5,7.4,2.2,5.7,4,1.70E+05,<0.5,6.9,0.57,0.012,<0.00006,0.033,,<0.0003,<0.1,<0.001,<0.005,<0.001,<0.0005,,,<0.002,<0.0002,<0.0004,<0.01,<0.004,<0.1,<0.0006,<0.001,<0.001,,,,,,<0.001,0.23,0.21,5.2,>30.0,,5.4,,<0.005,<0.01,<0.1,<0.1,<0.02,,1.1,,0.5,,,3.5,,890,,2700,0.06,,,,,,,,,,,,,,,,,,,,,,,,,,,,,,,,,,,
11090,20190215,八千代橋,海老川,E,1300,流心（中央）,0.48,船橋市,雨,4.3,7.8,2.4,0.54,0.05,,7.5,7.4,2.3,5.7,4,7.90E+04,,7.1,0.55,,,,,,,,,,,,,,,,,,,,,,,,,,,,,,,>30.0,,,,,,,,,,,,,,,3.4,,930,,2900,,,,,,,,,,,,,,,,,,,,,,,,,,,,,,,,,,,,
11090,20190313,八千代橋,海老川,E,929,流心（中央）,0.6,船橋市,晴れ,12.9,12.4,2.76,0.18,0.02,,7.6,6.8,2.2,5.9,3,,,6.2,0.38,,,,,,,,,,,,,,,,,,,,,,,,,,,,,0.18,4.6,>30.0,,4.8,,,,,,,,0.76,,0.35,,,3.4,,530,,1500,0.05,,,,,,,,,,,,,,,,,,,,,,,,,,,,,,,,,,,
11090,20190313,八千代橋,海老川,E,1250,流心（中央）,0.4,船橋市,晴れ,16.4,13.7,2.2,2.26,0.06,,7.6,7.2,2.2,5.3,3,,,6.3,0.33,,,,,,,,,,,,,,,,,,,,,,,,,,,,,,,>30.0,,,,,,,,,,,,,,,3.2,,570,,1600,,,,,,,,,,,,,,,,,,,,,,,,,,,,,,,,,,,,
