地点コード,測定年月日,地点名称(漢字),水域名称(漢字),類型,測定時刻,採取位置,採取水深,調査機関,天候コード,気温,水温,全水深,流量(河川),平均流速(河川),透明度（湖沼・海域）,ｐＨ,ＤＯ,ＢＯＤ,ＣＯＤ,ＳＳ,大腸菌群数,n-ヘキサン抽出物質,全窒素,全リン,全亜鉛,ノニルフェノール,ＬＡＳ,底層ＤＯ,カドミウム,全シアン,鉛,六価クロム,砒素,総水銀,アルキル水銀,ＰＣＢ,ジクロロメタン,四塩化炭素,１、２-ジクロロエタン,１、１-ジクロロエチレン,シス-１、２-ジクロロエチレン,１、１、１-トリクロロエタン,１、１、２-トリクロロエタン,トリクロロエチレン,テトラクロロエチレン,１、３-ジクロロプロペン,チウラム,シマジン,チオベンカルブ,ベンゼン,セレン,ふっ素,亜硝酸性窒,硝酸性窒素,透視度(河川･湖沼),ほう素,硝酸性窒素及び亜硝酸性窒素,１、４-ジオキサン,フェノール類,銅,溶解性鉄,溶解性マンガン,クロム,ＥＰＮ,アンモニア性窒素,溶解性ＣＯＤ,リン酸性リン,プランクトン総数,クロロフィルａ,ＴＯＣ,ＤＯＣ,電気伝導率,塩分量(海域),塩化物イオン,陰イオン界面活性剤,アンチモン,ニッケル,トリハロメタン生成能,クロロホルム生成能,ブロモジクロロメタン,ジブロモクロロメタン,ブロモホルム生成能,トランス-1、2-ジクロロエチレン,１、２-ジクロロプロパン,p-ジクロロベンゼン,イソキサチオン,ダイアジノン,フェニトロチオン,イソプロチオラン,オキシン銅,クロロタロニル,プロピザミド,ジクロルボス,フェノブカルブ,イプロベンホス,クロルニトロフェン,トルエン,キシレン,フタル酸ジエチルへキシル,モリブデン,塩化ビニルモノマー,エピクロロヒドリン,全マンガン,ウラン,ＰＦОＳ,ＰＦОＳ（直鎖体）,ＰＦОＡ,ＰＦОＡ（直鎖体）,ＰＦОＳ及びＰＦОＡ,クロロホルム,フェノール,ホルムアルデヒド,４-ｔ-オクチルフェノール,アニリン,２、４-ジクロロフェノール
10920,20210413,粟倉橋,小糸川上流,B,1053,流心（中央）,0.13,千葉県,薄曇り,22,13.9,0.67,0.55,0.13,,8.2,10,0.9,5.4,1,3.30E+03,,1,0.17,,,,,,,,,,,,,,,,,,,,,,,,,,,,,,,>30.0,,,,,,,,,,,,,,,7,,42,,,,,,,,,,,,,,,,,,,,,,,,,,,,,,,,,,,,,,,,,,,
10920,20210510,粟倉橋,小糸川上流,B,1218,流心（中央）,0.15,千葉県,快晴,25.6,20.2,0.75,0.8,0.18,,8.2,9.5,1.4,6.8,2,1.30E+04,,1,0.2,0.001,,,,<0.0003,<0.1,<0.001,<0.005,0.001,<0.0005,,<0.0005,<0.002,<0.0002,<0.0004,<0.01,<0.004,<0.1,<0.0006,<0.001,<0.001,<0.0002,<0.0006,<0.0003,<0.002,<0.001,<0.001,0.09,0.04,0.51,>30.0,<0.1,0.55,<0.005,,,,,,,0.11,,,,,7.8,,34,,19,,,,,,,,,,,,,,,,,,,,,,,,,,,,,,,,,,,,,,,,,
10920,20210609,粟倉橋,小糸川上流,B,1040,流心（中央）,0.15,千葉県,晴れ,30.5,22,0.75,0.84,0.21,,8.2,8.8,0.9,6.7,2,2.30E+04,,1.2,0.21,,,,,,,,,,,,,,,,,,,,,,,,,,,,,,,>30.0,,,,,,,,,,,,,,,7.6,,42,,,,,,,,,,,,,,,,,,,,,,,,,,,,,,,,,,,,,,,,,,,
10920,20210712,粟倉橋,小糸川上流,B,900,流心（中央）,0.16,千葉県,晴れ,29.6,22.6,0.8,0.55,0.11,,8.2,8.8,1.2,5.6,2,3.30E+04,,1.2,0.18,0.017,,,,,,,,,,,,,,,,,,,,,,,,,,,,0.05,0.65,>30.0,,0.7,,<0.005,<0.01,0.1,<0.1,<0.02,,0.1,,,,,9,,38,,15,<0.05,,,,,,,,,,,,,,,,,,,,,,,,,,,,,,,,,,,,,,,,
10920,20210810,粟倉橋,小糸川上流,B,958,流心（中央）,0.13,千葉県,晴れ,30.8,24,0.67,0.68,0.17,,8.1,7.3,1.1,6.5,3,7.90E+04,,1.3,0.19,,,,,,,,,,,,,,,,,,,,,,,,,,,,,,,>30.0,,,,,,,,,,,,,,,6.7,,33,,,,,,,,,,,,,,,,,,,,,,,,,,,,,,,,,,,,,,,,,,,
10920,20210907,粟倉橋,小糸川上流,B,1125,流心（中央）,0.14,千葉県,晴れ,25.7,20.9,0.74,0.95,0.2,,8.2,8.5,1.1,7,3,1.40E+04,,0.92,0.11,,,,,,,,,,,,,,,,,,,,,,,,,,,,,<0.03,0.46,>30.0,,0.49,,,,,,,,,,,,,6.9,,26,,,,,,,,,,,,,,,,,,,,,,,,,,,,,,,,,,,,,,,,,,,
10920,20211005,粟倉橋,小糸川上流,B,1050,流心（中央）,0.18,千葉県,晴れ,28.5,19.6,0.93,1.87,0.3,,8,8.3,0.7,7.8,8,2.30E+04,,0.8,0.084,,,,,,,,,,,,,,,,,,,,,,,,,,,,,,,29.5,,,,,,,,,,,,,,,7.3,,19,,,,,,,,,,,,,,,,,,,,,,,,,,,,,,,,,,,,,,,,,,,
10920,20211104,粟倉橋,小糸川上流,B,1050,流心（中央）,0.15,千葉県,晴れ,17.4,14.5,0.78,0.65,0.14,,8.2,9.4,0.8,5.6,1,1.70E+04,,0.96,0.14,0.001,,,,<0.0003,<0.1,<0.001,<0.005,0.001,<0.0005,,,<0.002,<0.0002,<0.0004,<0.01,<0.004,<0.1,<0.0006,<0.001,<0.001,<0.0002,<0.0006,<0.0003,<0.002,<0.001,<0.001,0.11,0.03,0.59,>30.0,<0.1,0.62,<0.005,,,,,,,0.07,,,,,5.4,,33,,18,,,,,,,,,,,,,,,,,,,,,,,,,,,,,,,,,,,,,,,,,
10920,20211207,粟倉橋,小糸川上流,B,1215,流心（中央）,0.14,千葉県,曇り,15.6,11.9,0.7,1.2,0.25,,8,10,1.4,6.1,5,4.60E+03,,1.3,0.1,,,,,,,,,,,,,,,,,,,,,,,,,,,,,,,>30.0,,,,,,,,,,,,,,,4.7,,26,,,,,,,,,,,,,,,,,,,,,,,,,,,,,,,,,,,,,,,,,,,
10920,20220105,粟倉橋,小糸川上流,B,955,流心（中央）,0.13,千葉県,快晴,8.8,5.7,0.65,0.35,0.1,,8.2,11,0.8,5,<1,3.30E+03,,1.2,0.22,0.003,,,,,,,,,,,,,,,,,,,,,,,,,,,,0.04,0.69,>30.0,,0.73,,,,,,,,0.17,,,,,7,,43,,21,<0.05,,,,,,,,,,,,,,,,,,,,,,,,,,,,,,,,,,,,,,,,
10920,20220201,粟倉橋,小糸川上流,B,1057,流心（中央）,0.12,千葉県,晴れ,7.2,5.4,0.6,0.27,0.07,,7.9,12,0.9,5.3,<1,1.30E+03,,1,0.2,,,,,,,,,,,,,,,,,,,,,,,,,,,,,,,>30.0,,,,,,,,,,,,,,,5.6,,43,,,,,,,,,,,,,,,,,,,,,,,,,,,,,,,,,,,,,,,,,,,
10920,20220304,粟倉橋,小糸川上流,B,1224,流心（中央）,0.12,千葉県,晴れ,13.6,10.5,0.64,0.24,0.06,,8.4,11,1,5.3,1,4.90E+02,,1.3,0.3,,,,,,,,,,,,,,,,,,,,,,,,,,,,,0.04,0.78,>30.0,,0.82,,,,,,,,,,,,,5.3,,48,,,,,,,,,,,,,,,,,,,,,,,,,,,,,,,,,,,,,,,,,,,
10930,20210510,八千代橋,小糸川下流,C,1140,流心（中央）,0.06,千葉県,快晴,27.2,18.9,0.33,1.38,0.52,,8.2,8.2,1,5.4,4,1.70E+04,,1,0.18,0.001,,,,,,,,,,,,,,,,,,,,,,,,,,,,0.03,0.6,>30.0,,0.63,,,,,,,,,,,,,6.9,,,,,,,,,,,,,,,,,,,,,,,,,,,,,,,,,,,,,,,,,,,,,
10930,20210712,八千代橋,小糸川下流,C,1105,流心（中央）,0.14,千葉県,晴れ,31.1,23.3,0.28,1.59,0.63,,8.1,7.8,1,4.9,7,4.90E+04,,0.99,0.15,0.003,,,,,,,,,,,,,,,,,,,,,,,,,,,,0.03,0.55,>30.0,,0.58,,,,,,,,,,,,,7.9,,,,,,,,,,,,,,,,,,,,,,,,,,,,,,,,,,,,,,,,,,,,,
10930,20211104,八千代橋,小糸川下流,C,1020,流心（中央）,0.07,千葉県,晴れ,17.7,14.5,0.37,1.74,0.54,,8.1,9.2,1.2,4.1,6,4.90E+03,,1,0.18,0.001,,,,,,,,,,,,,,,,,,,,,,,,,,,,0.03,0.62,>30.0,,0.65,,,,,,,,,,,,,3.8,,,,,,,,,,,,,,,,,,,,,,,,,,,,,,,,,,,,,,,,,,,,,
10930,20220105,八千代橋,小糸川下流,C,928,流心（中央）,0.13,千葉県,快晴,5.8,8.7,0.27,0.49,0.23,,8.1,10,1.1,3.5,2,4.90E+03,,1.1,0.21,0.002,,,,,,,,,,,,,,,,,,,,,,,,,,,,0.03,0.6,>30.0,,0.63,,,,,,,,,,,,,4.7,,,,,,,,,,,,,,,,,,,,,,,,,,,,,,,,,,,,,,,,,,,,,
10940,20210413,人見橋,小糸川下流,C,1008,流心（中央）,0.09,千葉県,薄曇り,19,16.6,0.45,5.73,0.18,,8,8.1,1.2,3.1,7,,,0.7,0.083,,,,,,,,,,,,,,,,,,,,,,,,,,,,,,,>30.0,,,,,,,,,,,,,,,6,,4000,,,,,,,,,,,,,,,,,,,,,,,,,,,,,,,,,,,,,,,,,,,
10940,20210510,人見橋,小糸川下流,C,653,流心（中央）,0.24,千葉県,晴れ,20.3,17.8,1.2,5.08,0.07,,7.9,7,1.3,5.6,15,1.30E+04,,1.4,0.15,0.004,<0.00006,0.0028,,<0.0003,<0.1,<0.001,<0.005,0.001,<0.0005,,<0.0005,<0.002,<0.0002,<0.0004,<0.01,<0.004,<0.1,<0.0006,<0.001,<0.001,<0.0002,<0.0006,<0.0003,<0.002,<0.001,<0.001,0.49,0.03,0.38,>30.0,,0.41,<0.005,,,,,,,0.18,,,,,7.8,,2000,,6800,,,,,,,,,,,,,,,,,,,,,,,,,,,,,,,,,,,,,,,,,
10940,20210609,人見橋,小糸川下流,C,955,流心（中央）,0.2,千葉県,晴れ,26.3,24.6,1,2.8,0.11,,8,7.5,1.9,5.4,10,,,1.1,0.17,,,,,,,,,,,,,,,,,,,,,,,,,,,,,,,>30.0,,,,,,,,,,,,,,,7,,3000,,,,,,,,,,,,,,,,,,,,,,,,,,,,,,,,,,,,,,,,,,,
10940,20210712,人見橋,小糸川下流,C,1019,流心（中央）,0.29,千葉県,晴れ,30.1,26.2,1.48,4.24,0.07,,8,6.5,1.5,3.7,2,2.30E+04,,0.89,0.1,0.006,,,,,,,,,,,,,,,,,,,,,,,,,,,,0.03,0.25,>30.0,,0.28,,<0.005,<0.01,<0.1,0.3,<0.02,<0.0006,0.13,,,,,7.7,,3600,,12000,<0.05,<0.002,0.001,,,,,,<0.004,<0.006,<0.02,<0.0008,<0.0005,<0.0003,<0.004,<0.004,<0.005,<0.0008,<0.0008,<0.003,<0.0008,<0.0001,<0.06,<0.04,<0.006,0.008,<0.0002,<0.00004,0.42,0.0025,,,,,,<0.0006,<0.001,<0.1,<0.00007,<0.002,<0.0003
10940,20210810,人見橋,小糸川下流,C,1010,流心（中央）,0.28,千葉県,晴れ,29.8,26.3,1.44,9.63,0.12,,7.8,5.8,1.7,4.9,9,,,0.92,0.14,,,,,,,,,,,,,,,,,,,,,,,,,,,,,,,>30.0,,,,,,,,,,,,,,,6.1,,2800,,,,,,,,,,,,,,,,,,,,,,,,,,,,,,,,,,,,,,,,,,,
10940,20210907,人見橋,小糸川下流,C,1025,流心（中央）,0.19,千葉県,曇り,22.5,21.4,0.96,3.86,0.09,,7.9,7.4,1.2,6.3,13,,,1.1,0.17,,,,,,,,,,,,,,,,,,,,,,,,,,,,,0.03,0.59,>30.0,,0.62,,,,,,,,,,,,,6.2,,1000,,,,,,,,,,,,,,,,,,,,,,,,,,,,,,,,,,,,,,,,,,,
10940,20211005,人見橋,小糸川下流,C,830,流心（中央）,0.26,千葉県,晴れ,27.6,21.3,1.3,8.88,0.16,,7.8,6.7,1.1,6.1,25,,,0.82,0.13,,,,,,,,,,,,,,,,,,,,,,,,,,,,,,,>30.0,,,,,,,,,,,,,,,6.8,,1700,,,,,,,,,,,,,,,,,,,,,,,,,,,,,,,,,,,,,,,,,,,
10940,20211104,人見橋,小糸川下流,C,900,流心（中央）,0.32,千葉県,晴れ,16.3,16,1.6,5.22,0.06,,7.8,7.3,0.7,3.5,3,1.70E+04,,1,0.14,0.006,<0.00006,0.0038,,<0.0003,<0.1,<0.001,<0.005,0.001,<0.0005,,,<0.002,<0.0002,<0.0004,<0.01,<0.004,<0.1,<0.0006,<0.001,<0.001,<0.0002,<0.0006,<0.0003,<0.002,<0.001,<0.001,0.51,0.05,0.6,>30.0,,0.65,<0.005,,,,,,,0.15,,,,,4.3,,2100,,6700,,,,,,,,,,,,,,,,,,,,,,,,,,,,,,,,,,,,,,,,,
10940,20211207,人見橋,小糸川下流,C,830,流心（中央）,0.47,千葉県,曇り,13.4,11.7,2.39,3.44,0.02,,8,9.9,1.1,5,8,,,1.1,0.16,,,,,,,,,,,,,,,,,,,,,,,,,,,,,,,>30.0,,,,,,,,,,,,,,,4.7,,91,,,,,,,,,,,,,,,,,,,,,,,,,,,,,,,,,,,,,,,,,,,
10940,20220105,人見橋,小糸川下流,C,845,流心（中央）,0.33,千葉県,晴れ,6.1,6,1.69,5.46,0.05,,7.9,9.2,1.3,3.5,7,1.30E+04,,1.7,0.21,0.009,,,,,,,,,,,,,,,,,,,,,,,,,,,,0.06,0.73,>30.0,,0.79,,,,,,,,0.58,,,,,5.9,,1700,,5700,<0.05,,,,,,,,,,,,,,,,,,,,,,,,,,,,,,,,,,,,,,,,
10940,20220201,人見橋,小糸川下流,C,1000,流心（中央）,0.39,千葉県,晴れ,8.1,7.4,1.96,3.36,0.03,,7.9,9.9,1.2,3.6,1,,,1.4,0.17,,,,,,,,,,,,,,,,,,,,,,,,,,,,,,,>30.0,,,,,,,,,,,,,,,5.4,,2300,,,,,,,,,,,,,,,,,,,,,,,,,,,,,,,,,,,,,,,,,,,
10940,20220304,人見橋,小糸川下流,C,923,流心（中央）,0.27,千葉県,曇り,7.8,10.3,1.35,6.95,0.1,,7.9,8.9,1.4,4.5,5,,,1.3,0.18,,,,,,,,,,,,,,,,,,,,,,,,,,,,,0.04,0.59,>30.0,,0.63,,,,,,,,,,,,,3.2,,2100,,,,,,,,,,,,,,,,,,,,,,,,,,,,,,,,,,,,,,,,,,,
10950,20210510,平川橋,矢那川,,910,流心（中央）,0.07,千葉県,晴れ,24,17.6,0.35,0.52,0.17,,8,9.6,1.8,4.4,7,1.70E+04,,1.4,0.098,0.002,,,,,,,,,,,,,,,,,,,,,,,,,,,,0.03,0.86,>30.0,,0.89,,,,,,,,,,,,,6.2,,,,,,,,,,,,,,,,,,,,,,,,,,,,,,,,,,,,,,,,,,,,,
10950,20210712,平川橋,矢那川,,828,流心（中央）,0.14,千葉県,晴れ,28.5,22.5,0.29,0.38,0.13,,8,8.1,1.3,4,8,2.40E+05,,1.5,0.06,0.005,,,,,,,,,,,,,,,,,,,,,,,,,,,,<0.03,0.94,>30.0,,0.97,,,,,,,,,,,,,6.2,,,,,,,,,,,,,,,,,,,,,,,,,,,,,,,,,,,,,,,,,,,,,
10950,20211104,平川橋,矢那川,,957,流心（中央）,0.07,千葉県,晴れ,21.3,14.7,0.35,0.45,0.11,,8,10,1.8,3.2,6,1.70E+04,,1.4,0.065,0.003,,,,,,,,,,,,,,,,,,,,,,,,,,,,<0.03,1,>30.0,,1,,,,,,,,,,,,,3.7,,,,,,,,,,,,,,,,,,,,,,,,,,,,,,,,,,,,,,,,,,,,,
10950,20220105,平川橋,矢那川,,925,流心（中央）,0.12,千葉県,晴れ,5.6,5.9,0.6,0.39,0.09,,8,12,1,2.1,3,3.30E+03,,1.5,0.056,0.002,,,,,,,,,,,,,,,,,,,,,,,,,,,,<0.03,1.1,>30.0,,1.1,,,,,,,,,,,,,5.1,,,,,,,,,,,,,,,,,,,,,,,,,,,,,,,,,,,,,,,,,,,,,
10960,20210510,富士見橋,矢那川,,823,流心（中央）,0.08,千葉県,晴れ,21.8,20,0.4,0.61,0.07,,7.7,5.1,1.4,4.1,6,2.30E+04,,1.2,0.12,0.008,,,,<0.0003,<0.1,<0.001,<0.005,<0.001,<0.0005,,,<0.002,<0.0002,<0.0004,<0.01,<0.004,<0.1,<0.0006,<0.001,<0.001,<0.0002,<0.0006,<0.0003,<0.002,<0.001,<0.001,0.52,0.04,0.41,>30.0,,0.45,<0.005,,,,,,,0.31,,,,,6.6,,2500,,8000,,,,,,,,,,,,,,,,,,,,,,,,,,,,,,,,,,,,,,,,,
10960,20210712,富士見橋,矢那川,,912,流心（中央）,0.15,千葉県,晴れ,31,25.5,0.76,1.32,0.09,,7.9,6.3,1.2,3.8,3,1.10E+04,,1.3,0.079,0.004,,,,,,,,,,,,,,,,,,,,,,,,,,,,<0.03,0.67,>30.0,,0.7,,<0.005,<0.01,<0.1,<0.1,<0.02,,0.15,,,,,6.5,,1600,,5500,<0.05,,,,,,,,,,,,,,,,,,,,,,,,,,,,,,,,,,,,,,,,
10960,20211104,富士見橋,矢那川,,927,流心（中央）,0.12,千葉県,晴れ,17.9,16.3,0.63,0.96,0.09,,7.8,7.4,0.8,2.8,3,7.90E+03,,1,0.086,0.021,,,,<0.0003,<0.1,0.001,<0.005,0.001,<0.0005,,,<0.002,<0.0002,<0.0004,<0.01,<0.004,<0.1,<0.0006,<0.001,<0.001,<0.0002,<0.0006,<0.0003,<0.002,<0.001,<0.001,0.45,0.04,0.65,>30.0,,0.69,<0.005,,,,,,,0.18,,,,,4.1,,2000,,6800,,,,,,,,,,,,,,,,,,,,,,,,,,,,,,,,,,,,,,,,,
10960,20220105,富士見橋,矢那川,,1000,流心（中央）,0.25,千葉県,晴れ,6.6,6,1.29,1.91,0.09,,7.9,11,1.2,3,1,4.90E+03,,1.8,0.096,0.002,,,,,,,,,,,,,,,,,,,,,,,,,,,,0.04,1,>30.0,,1.1,,,,,,,,0.38,,,,,4.2,,290,,370,<0.05,,,,,,,,,,,,,,,,,,,,,,,,,,,,,,,,,,,,,,,,
10970,20210413,岩田橋,小櫃川上流,A,840,流心（中央）,0.24,千葉県,曇り,16.8,13.8,1.23,2.3,0.25,,7.9,9.6,0.8,4.7,6,7.00E+03,,0.74,0.11,,,,,,,,,,,,,,,,,,,,,,,,,,,,,,,>30.0,,,,,,,,,,,,,,,5.8,,26,,,,,,,,,,,,,,,,,,,,,,,,,,,,,,,,,,,,,,,,,,,
10970,20210510,岩田橋,小櫃川上流,A,920,流心（中央）,0.22,千葉県,晴れ,20.8,19.1,1.1,1.63,0.31,,8.1,9.5,0.9,4.7,6,2.30E+04,,0.64,0.12,0.002,,,,<0.0003,<0.1,<0.001,<0.005,0.001,<0.0005,,<0.0005,<0.002,<0.0002,<0.0004,<0.01,<0.004,<0.1,<0.0006,<0.001,<0.001,<0.0002,<0.0006,<0.0003,<0.002,<0.001,<0.001,0.1,<0.03,0.32,>30.0,<0.1,0.35,<0.005,,,,,,,0.04,,,,,6.2,,27,,11,,,,,,,,,,,,,,,,,,,,,,,,,,,,,,,,,,,,,,,,,
10970,20210609,岩田橋,小櫃川上流,A,1120,流心（中央）,0.22,千葉県,晴れ,30,23.5,1.14,2.42,0.27,,8.1,7.6,1.6,6.3,18,4.90E+04,,0.8,0.13,,,,,,,,,,,,,,,,,,,,,,,,,,,,,,,28,,,,,,,,,,,,,,,6.1,,26,,,,,,,,,,,,,,,,,,,,,,,,,,,,,,,,,,,,,,,,,,,
10970,20210712,岩田橋,小櫃川上流,A,1145,流心（中央）,0.24,千葉県,晴れ,30.4,25.3,1.22,2.72,0.25,,8,8.4,0.9,5.4,17,7.90E+04,,0.89,0.11,0.003,,,,,,,,,,,,,,,,,,,,,,,,,,,,<0.03,0.46,>30.0,,0.49,,<0.005,<0.01,0.2,<0.1,<0.02,,<0.03,,,,,6.8,,23,,9,<0.05,,,,,,,,,,,,,,,,,,,,,,,,,,,,,,<0.0000001,<0.0000001,0.0000058,0.0000056,0.0000059,,,,,,
10970,20210823,岩田橋,小櫃川上流,A,1013,流心（中央）,0.27,千葉県,曇り,27.3,24,1.39,2.19,0.22,,8,8,0.8,4.9,3,1.70E+04,,0.73,0.1,,,,,,,,,,,,,,,,,,,,,,,,,,,,,,,>30.0,,,,,,,,,,,,,,,5,,25,,,,,,,,,,,,,,,,,,,,,,,,,,,,,,,,,,,,,,,,,,,
10970,20210907,岩田橋,小櫃川上流,A,900,流心（中央）,0.29,千葉県,晴れ,21.8,20.1,1.45,0.73,0.06,,7.9,8.4,0.9,6.1,5,3.30E+04,,0.82,0.083,,,,,,,,,,,,,,,,,,,,,,,,,,,,,<0.03,0.45,>30.0,,0.48,,,,,,,,,,,,,6.2,,22,,,,,,,,,,,,,,,,,,,,,,,,,,,,,,,,,,,,,,,,,,,
10970,20211005,岩田橋,小櫃川上流,A,1240,流心（中央）,0.35,千葉県,晴れ,30.4,21,1.76,7.25,0.6,,7.9,8.3,1.6,6.6,17,1.30E+05,,0.79,0.092,,,,,,,,,,,,,,,,,,,,,,,,,,,,,,,28.5,,,,,,,,,,,,,,,6.9,,20,,,,,,,,,,,,,,,,,,,,,,,,,,,,,,,,,,,,,,,,,,,
10970,20211104,岩田橋,小櫃川上流,A,1043,流心（中央）,0.21,千葉県,晴れ,20,15.4,1.05,2.19,0.26,,8.1,9.7,0.9,4.1,2,2.80E+03,,0.78,0.095,0.002,,,,<0.0003,<0.1,<0.001,<0.005,0.001,<0.0005,,,<0.002,<0.0002,<0.0004,<0.01,<0.004,<0.1,<0.0006,<0.001,<0.001,<0.0002,<0.0006,<0.0003,<0.002,<0.001,<0.001,0.1,<0.03,0.5,>30.0,<0.1,0.53,<0.005,,,,,,,0.04,,,,,5,,25,,9,,,,,,,,,,,,,,,,,,,,,,,,,,,,,,,,,,,,,,,,,
10970,20211207,岩田橋,小櫃川上流,A,1035,流心（中央）,0.25,千葉県,曇り,14.1,11.6,1.27,4.89,0.47,,7.9,10,0.9,4.3,3,3.30E+03,,0.83,0.094,,,,,,,,,,,,,,,,,,,,,,,,,,,,,,,>30.0,,,,,,,,,,,,,,,4.2,,24,,,,,,,,,,,,,,,,,,,,,,,,,,,,,,,,,,,,,,,,,,,
10970,20220105,岩田橋,小櫃川上流,A,1245,流心（中央）,0.17,千葉県,快晴,7.3,7.3,0.88,2.49,0.31,,8,11,0.6,3.5,1,4.90E+03,,0.8,0.1,0.002,,,,,,,,,,,,,,,,,,,,,,,,,,,,<0.03,0.53,>30.0,,0.56,,,,,,,,0.06,,,,,4.9,,28,,10,<0.05,,,,,,,,,,,,,,,,,,,,,,,,,,,,,,,,,,,,,,,,
10970,20220201,岩田橋,小櫃川上流,A,1153,流心（中央）,0.21,千葉県,晴れ,9.5,7.8,1.08,2.23,0.25,,8.2,12,0.7,3.1,1,2.30E+03,,0.72,0.093,,,,,,,,,,,,,,,,,,,,,,,,,,,,,,,>30.0,,,,,,,,,,,,,,,4.4,,29,,,,,,,,,,,,,,,,,,,,,,,,,,,,,,,,,,,,,,,,,,,
10970,20220304,岩田橋,小櫃川上流,A,1024,流心（中央）,0.19,千葉県,晴れ,10.4,11.1,0.96,2.5,0.35,,8.1,11,1.8,4.7,7,2.30E+03,,0.9,0.13,,,,,,,,,,,,,,,,,,,,,,,,,,,,,<0.03,0.47,>30.0,,0.5,,,,,,,,,,,,,3.8,,29,,,,,,,,,,,,,,,,,,,,,,,,,,,,,,,,,,,,,,,,,,,
10975,20210510,門生橋,小櫃川上流,A,1005,流心（中央）,0.09,千葉県,晴れ,22.3,18.3,0.18,0.11,0.21,,8.3,9.7,1.2,5.5,1,1.70E+03,,0.4,0.054,0.001,,,,,,,,,,,,,,,,,,,,,,,,,,,,<0.03,0.08,>30.0,,0.11,,,,,,,,,,,,,8,,,,,,,,,,,,,,,,,,,,,,,,,,,,,,,,,,,,,,,,,,,,,
10975,20210712,門生橋,小櫃川上流,A,1149,流心（中央）,0.11,千葉県,晴れ,29.3,24.2,0.23,0.15,0.16,,8.3,8.9,0.6,3.9,3,1.30E+03,,0.53,0.058,0.001,,,,,,,,,,,,,,,,,,,,,,,,,,,,<0.03,0.3,>30.0,,0.33,,,,,,,,,,,,,6.4,,,,,,,,,,,,,,,,,,,,,,,,,,,,,,,,,,,,,,,,,,,,,
10975,20211104,門生橋,小櫃川上流,A,1430,流心（中央）,0.09,千葉県,晴れ,16.5,13.3,0.19,0.29,0.48,,8.4,11,0.6,3.3,<1,7.90E+02,,0.5,0.062,<0.001,,,,,,,,,,,,,,,,,,,,,,,,,,,,<0.03,0.24,>30.0,,0.27,,,,,,,,,,,,,3.8,,,,,,,,,,,,,,,,,,,,,,,,,,,,,,,,,,,,,,,,,,,,,
10975,20220105,門生橋,小櫃川上流,A,1323,流心（中央）,0.05,千葉県,快晴,6,4.3,0.11,0.1,0.34,,8.3,12,0.5,2.1,<1,2.30E+02,,0.52,0.073,<0.001,,,,,,,,,,,,,,,,,,,,,,,,,,,,<0.03,0.23,>30.0,,0.26,,,,,,,,,,,,,3.4,,,,,,,,,,,,,,,,,,,,,,,,,,,,,,,,,,,,,,,,,,,,,
10980,20210413,小櫃橋,小櫃川下流,B,930,流心（中央）,0.19,千葉県,曇り,16.3,16.3,0.95,8.43,0.29,,7.7,6.9,1.4,4,5,4.90E+03,,1,0.087,,,,,,,,,,,,,,,,,,,,,,,,,,,,,,,>30.0,,,,,,,,,,,,,,,5.6,,590,,,,,,,,,,,,,,,,,,,,,,,,,,,,,,,,,,,,,,,,,,,
10980,20210510,小櫃橋,小櫃川下流,B,950,流心（中央）,0.11,千葉県,晴れ,25.3,21.4,0.59,2.19,0.09,,7.8,6.7,2,5.6,13,4.60E+03,,1,0.12,0.003,<0.00006,0.0006,,<0.0003,<0.1,<0.001,<0.005,0.001,<0.0005,,<0.0005,<0.002,<0.0002,<0.0004,<0.01,<0.004,<0.1,<0.0006,<0.001,<0.001,<0.0002,<0.0006,<0.0003,<0.002,<0.001,<0.001,0.12,<0.03,0.51,>30.0,<0.1,0.54,<0.005,,,,,,,0.03,,,,,7,,100,,210,,,,,,,,,,,,,,,,,,,,,,,,,,,,,,,,,,,,,,,,,
10980,20210609,小櫃橋,小櫃川下流,B,850,流心（中央）,0.2,千葉県,晴れ,27.9,23.6,1.02,5.59,0.22,,8,7.2,2.1,6.8,13,1.30E+04,,0.99,0.12,,,,,,,,,,,,,,,,,,,,,,,,,,,,,,,>30.0,,,,,,,,,,,,,,,6.2,,34,,,,,,,,,,,,,,,,,,,,,,,,,,,,,,,,,,,,,,,,,,,
10980,20210712,小櫃橋,小櫃川下流,B,932,流心（中央）,0.23,千葉県,晴れ,29.9,26.7,1.18,5.52,0.17,,8.2,8.8,2.5,5.5,8,3.30E+04,,0.99,0.081,0.004,,,,,,,,,,,,,,,,,,,,,,,,,,,,<0.03,0.35,>30.0,,0.38,,<0.005,<0.01,<0.1,<0.1,<0.02,,<0.03,,,,,7.1,,29,,15,<0.05,,,,,,,,,,,,,,,,,,,,,,,,,,,,,,0.0000006,0.0000002,0.00001,0.00001,0.00001,,,,,,
10980,20210823,小櫃橋,小櫃川下流,B,900,流心（中央）,0.15,千葉県,曇り,27.8,26.5,0.75,7.75,0.3,,8.1,7.7,1.6,4.9,7,1.30E+03,,1,0.1,,,,,,,,,,,,,,,,,,,,,,,,,,,,,,,>30.0,,,,,,,,,,,,,,,5.8,,28,,,,,,,,,,,,,,,,,,,,,,,,,,,,,,,,,,,,,,,,,,,
10980,20210907,小櫃橋,小櫃川下流,B,930,流心（中央）,0.22,千葉県,曇り,22.2,20.7,1.1,6.7,0.21,,8,8.2,1.5,6.9,15,4.90E+04,,1,0.1,,,,,,,,,,,,,,,,,,,,,,,,,,,,,<0.03,0.58,>30.0,,0.61,,,,,,,,,,,,,6.4,,23,,,,,,,,,,,,,,,,,,,,,,,,,,,,,,,,,,,,,,,,,,,
10980,20211005,小櫃橋,小櫃川下流,B,930,流心（中央）,0.3,千葉県,晴れ,27.9,22.9,1.5,18.1,0.48,,7.9,8.6,1.3,6.6,34,2.20E+04,,0.98,0.11,,,,,,,,,,,,,,,,,,,,,,,,,,,,,,,17,,,,,,,,,,,,,,,6.6,,21,,,,,,,,,,,,,,,,,,,,,,,,,,,,,,,,,,,,,,,,,,,
10980,20211104,小櫃橋,小櫃川下流,B,845,流心（中央）,0.27,千葉県,晴れ,17.5,15.8,1.38,15.9,0.4,,8.1,9.5,1.6,3.9,6,1.30E+04,,1,0.1,0.005,<0.00006,0.0013,,<0.0003,<0.1,<0.001,<0.005,0.001,<0.0005,,,<0.002,<0.0002,<0.0004,<0.01,<0.004,<0.1,<0.0006,<0.001,<0.001,<0.0002,<0.0006,<0.0003,<0.002,<0.001,<0.001,0.09,<0.03,0.77,>30.0,<0.1,0.8,<0.005,,,,,,,0.03,,,,,4,,28,,10,,,,,,,,,,,,,,,,,,,,,,,,,,,,,,,,,,,,,,,,,
10980,20211207,小櫃橋,小櫃川下流,B,930,流心（中央）,0.34,千葉県,曇り,13.8,11,1.7,15.6,0.23,,7.9,10,0.9,3.6,5,4.90E+03,,1.2,0.1,,,,,,,,,,,,,,,,,,,,,,,,,,,,,,,>30.0,,,,,,,,,,,,,,,3.9,,28,,,,,,,,,,,,,,,,,,,,,,,,,,,,,,,,,,,,,,,,,,,
10980,20220105,小櫃橋,小櫃川下流,B,1050,流心（中央）,0.27,千葉県,晴れ,6.2,5.4,1.38,9.6,0.22,,8.1,12,0.9,3.2,8,1.70E+03,,1.2,0.092,0.002,,,,,,,,,,,,,,,,,,,,,,,,,,,,<0.03,0.88,>30.0,,0.91,,,,,,,,0.06,,,,,3.1,,30,,12,<0.05,,,,,,,,,,,,,,,,,,,,,,,,,,,,,,,,,,,,,,,,
10980,20220201,小櫃橋,小櫃川下流,B,900,流心（中央）,0.27,千葉県,晴れ,6.8,5.5,1.35,9.18,0.2,,8.1,11,1.1,3.5,3,3.30E+03,,1,0.081,,,,,,,,,,,,,,,,,,,,,,,,,,,,,,,>30.0,,,,,,,,,,,,,,,4.2,,35,,,,,,,,,,,,,,,,,,,,,,,,,,,,,,,,,,,,,,,,,,,
10980,20220304,小櫃橋,小櫃川下流,B,1023,流心（中央）,0.24,千葉県,晴れ,10.3,10.4,1.2,7.67,0.23,,8.2,10,1.6,4.3,10,2.30E+02,,1.1,0.1,,,,,,,,,,,,,,,,,,,,,,,,,,,,,<0.03,0.75,>30.0,,0.78,,,,,,,,,,,,,4.1,,31,,,,,,,,,,,,,,,,,,,,,,,,,,,,,,,,,,,,,,,,,,,
10985,20210510,椿橋,小櫃川下流,B,1040,流心（中央）,0.37,千葉県,晴れ,24.1,20.3,1.88,1.78,0.03,,8.1,10,1.2,4.9,6,1.70E+04,,0.86,0.11,0.001,,,,,,,,,,,,,,,,,,,,,,,,,,,,<0.03,0.51,>30.0,,0.54,,,,,,,,,,,,,6.7,,,,,,,,0.084,0.06,0.019,0.0055,0.0001,,,,,,,,,,,,,,,,,,,,,,,,,,,,,,,,,
10985,20210712,椿橋,小櫃川下流,B,845,流心（中央）,0.18,千葉県,晴れ,27.6,24.3,0.93,2.16,0.04,,8.1,9,1.5,4.5,5,1.30E+05,,1.2,0.094,0.001,,,,,,,,,,,,,,,,,,,,,,,,,,,,<0.03,0.66,>30.0,,0.69,,,,,,,,,,,,,6.5,,,,,,,,0.097,0.074,0.019,0.0049,0.0001,,,,,,,,,,,,,,,,,,,,,,,,,,,,,,,,,
10985,20211104,椿橋,小櫃川下流,B,1155,流心（中央）,0.22,千葉県,晴れ,21.8,15.8,1.13,8.73,0.12,,8.1,10,0.9,3.5,2,9.40E+03,,1,0.097,0.001,,,,,,,,,,,,,,,,,,,,,,,,,,,,<0.03,0.83,>30.0,,0.86,,,,,,,,,,,,,3.9,,,,,,,,0.082,0.051,0.023,0.008,0.0002,,,,,,,,,,,,,,,,,,,,,,,,,,,,,,,,,
10985,20220105,椿橋,小櫃川下流,B,840,流心（中央）,0.37,千葉県,晴れ,5.4,5.8,1.85,4.81,0.07,,8,11,0.9,2.9,1,3.30E+03,,1.3,0.085,0.001,,,,,,,,,,,,,,,,,,,,,,,,,,,,<0.03,0.95,>30.0,,0.98,,,,,,,,,,,,,2.9,,,,,,,,0.043,0.02,0.015,0.0076,0.0004,,,,,,,,,,,,,,,,,,,,,,,,,,,,,,,,,
10990,20210413,御腹川橋,御腹川,A,820,流心（中央）,0.09,千葉県,曇り,16.1,12.8,0.18,0.31,0.31,,8,9.9,0.6,3.2,3,7.00E+03,,0.71,0.056,,,,,,,,,,,,,,,,,,,,,,,,,,,,,,,>30.0,,,,,,,,,,,,,,,5.7,,41,,,,,,,,,,,,,,,,,,,,,,,,,,,,,,,,,,,,,,,,,,,
10990,20210510,御腹川橋,御腹川,A,836,流心（中央）,0.12,千葉県,晴れ,21.2,16.5,0.25,0.45,0.39,,8,9.1,0.6,3.8,2,3.30E+04,,0.77,0.075,0.001,<0.00006,0.0019,,<0.0003,<0.1,<0.001,<0.005,0.002,<0.0005,,<0.0005,<0.002,<0.0002,<0.0004,<0.01,<0.004,<0.1,<0.0006,<0.001,<0.001,<0.0002,<0.0006,<0.0003,<0.002,<0.001,<0.001,0.09,<0.03,0.46,>30.0,<0.1,0.49,<0.005,,,,,,,0.05,,,,,6.3,,40,,17,,,,,,,,,,,,,,,,,,,,,,,,,,,,,,,,,,,,,,,,,
10990,20210609,御腹川橋,御腹川,A,854,流心（中央）,0.06,千葉県,快晴,29,19.2,0.33,0.07,0.08,,8,8.7,0.8,4.2,17,4.90E+04,,0.83,0.099,,,,,,,,,,,,,,,,,,,,,,,,,,,,,,,25,,,,,,,,,,,,,,,5.6,,43,,,,,,,,,,,,,,,,,,,,,,,,,,,,,,,,,,,,,,,,,,,
10990,20210712,御腹川橋,御腹川,A,1118,流心（中央）,0.07,千葉県,晴れ,30.4,23.5,0.15,0.21,0.37,,8.2,8.6,0.8,3.7,6,2.30E+04,,0.83,0.071,0.001,,,,,,,,,,,,,,,,,,,,,,,,,,,,<0.03,0.48,>30.0,,0.51,,<0.005,<0.01,0.1,0.1,<0.02,,<0.03,,,,,6.9,,38,,15,<0.05,,,,,,,,,,,,,,,,,,,,,,,,,,,,,,,,,,,,,,,,
10990,20210823,御腹川橋,御腹川,A,945,流心（中央）,0.11,千葉県,曇り,28,22.6,0.22,0.21,0.31,,8.1,8.4,0.7,3.7,5,2.20E+04,,0.78,0.078,,,,,,,,,,,,,,,,,,,,,,,,,,,,,,,>30.0,,,,,,,,,,,,,,,4.8,,39,,,,,,,,,,,,,,,,,,,,,,,,,,,,,,,,,,,,,,,,,,,
10990,20210907,御腹川橋,御腹川,A,840,流心（中央）,0.11,千葉県,晴れ,23.4,18.4,0.22,0.52,0.36,,8,8.9,1.1,4.3,15,4.90E+04,,0.96,0.089,,,,,,,,,,,,,,,,,,,,,,,,,,,,,<0.03,0.54,>30.0,,0.57,,,,,,,,,,,,,5.5,,38,,,,,,,,,,,,,,,,,,,,,,,,,,,,,,,,,,,,,,,,,,,
10990,20211005,御腹川橋,御腹川,A,1355,流心（中央）,0.07,千葉県,晴れ,27.7,21.6,0.37,0.69,0.58,,8,9,0.8,4.4,15,4.90E+04,,0.69,0.078,,,,,,,,,,,,,,,,,,,,,,,,,,,,,,,>30.0,,,,,,,,,,,,,,,5.9,,34,,,,,,,,,,,,,,,,,,,,,,,,,,,,,,,,,,,,,,,,,,,
10990,20211104,御腹川橋,御腹川,A,1106,流心（中央）,0.09,千葉県,晴れ,19.8,14.2,0.45,0.45,0.34,,8,9.6,0.8,2.9,6,1.10E+04,,0.88,0.071,0.002,0.00007,0.0054,,<0.0003,<0.1,<0.001,<0.005,0.001,<0.0005,,,<0.002,<0.0002,<0.0004,<0.01,<0.004,<0.1,<0.0006,<0.001,<0.001,<0.0002,<0.0006,<0.0003,<0.002,<0.001,<0.001,0.1,0.03,0.54,>30.0,<0.1,0.57,<0.005,,,,,,,0.06,,,,,4.2,,40,,18,,,,,,,,,,,,,,,,,,,,,,,,,,,,,,,,,,,,,,,,,
10990,20211207,御腹川橋,御腹川,A,1058,流心（中央）,0.09,千葉県,曇り,14.4,11.9,0.49,0.44,0.26,,7.9,10,0.9,3.1,4,3.30E+03,,0.83,0.067,,,,,,,,,,,,,,,,,,,,,,,,,,,,,,,>30.0,,,,,,,,,,,,,,,3.8,,38,,,,,,,,,,,,,,,,,,,,,,,,,,,,,,,,,,,,,,,,,,,
10990,20220105,御腹川橋,御腹川,A,1440,流心（中央）,0.1,千葉県,快晴,7.2,7.1,0.21,0.19,0.22,,8.1,12,1.2,2.8,5,9.40E+02,,0.82,0.055,0.001,,,,,,,,,,,,,,,,,,,,,,,,,,,,<0.03,0.44,>30.0,,0.47,,,,,,,,0.08,,,,,3,,55,,18,<0.05,,,,,,,,,,,,,,,,,,,,,,,,,,,,,,,,,,,,,,,,
10990,20220201,御腹川橋,御腹川,A,1115,流心（中央）,0.08,千葉県,快晴,7.9,6.8,0.41,0.21,0.17,,8,12,0.9,3.1,7,3.30E+03,,0.81,0.069,,,,,,,,,,,,,,,,,,,,,,,,,,,,,,,>30.0,,,,,,,,,,,,,,,3.5,,43,,,,,,,,,,,,,,,,,,,,,,,,,,,,,,,,,,,,,,,,,,,
10990,20220304,御腹川橋,御腹川,A,1044,流心（中央）,0.07,千葉県,晴れ,12.1,10.4,0.37,0.25,0.15,,8,11,1,2.9,5,7.90E+02,,0.87,0.079,,,,,,,,,,,,,,,,,,,,,,,,,,,,,<0.03,0.51,>30.0,,0.54,,,,,,,,,,,,,3.2,,42,,,,,,,,,,,,,,,,,,,,,,,,,,,,,,,,,,,,,,,,,,,
11001,20210427,持田崎橋,養老川上流,A,1230,流心（中央）,0.2,市原市,晴れ,20.5,16.6,1.28,1.02,0.05,,8.5,12,0.8,3.3,1,4.90E+02,,1,0.16,,,,,,,,,,,,,,,,,,,,,,,,,,,,,,,>30.0,,,,,,,,,,0.06,,0.14,,,1.7,,34,,14,<0.05,,,,,,,,,,,,,,,,,,,,,,,,,,,,,,,,,,,,,,,,
11001,20210513,持田崎橋,養老川上流,A,912,流心（中央）,0.2,市原市,時々雨,17.8,16.5,0.43,1.07,0.07,,8.2,9.3,1.3,4,1,7.90E+03,,1.3,0.23,0.002,,,,<0.0003,<0.1,<0.001,<0.005,0.001,<0.0005,,,<0.002,<0.0002,<0.0004,<0.01,<0.004,<0.1,<0.0006,<0.001,<0.001,<0.0002,<0.0006,<0.0003,<0.002,<0.001,<0.001,0.13,0.08,0.93,>30.0,<0.1,1,<0.005,<0.005,<0.01,<0.1,<0.1,<0.02,,0.18,,0.21,,,1.8,,35,,13,<0.05,,,,,,,,,,,,,,,,,,,,,,,,,,,,,,,,,,,,,,,,
11001,20210609,持田崎橋,養老川上流,A,1215,流心（中央）,0.2,市原市,晴れ,28.9,24.1,1.53,1.83,0.09,,8.2,9,0.8,3.4,1,2.20E+03,,0.99,0.18,,,,,,,,,,,,,,,,,,,,,,,,,,,,,,,>30.0,,,,,,,,,,0.05,,0.16,,,1.8,,27,,11,<0.05,,,,,,,,,,,,,,,,,,,,,,,,,,,,,,,,,,,,,,,,
11001,20210729,持田崎橋,養老川上流,A,1058,流心（中央）,0.2,市原市,晴れ,35.2,26.2,1.45,1.58,0.06,,8.3,9.8,1.3,6,3,7.90E+02,,1.3,0.21,,,,,,,,,,,,,,,,,,,,,,,,,,,,,,,>30.0,,,,,,,,,,0.04,,0.2,,,3.5,,30,,10,<0.05,,,,,,,,,,,,,,,,,,,,,,,,,,,,,,,,,,,,,,,,
11001,20210827,持田崎橋,養老川上流,A,1028,流心（中央）,0.2,市原市,晴れ,34.1,25.7,1.34,1.54,0.07,,8.3,8.8,0.8,3.3,1,1.70E+02,,0.91,0.17,0.005,,,,<0.0003,<0.1,<0.001,<0.005,0.002,<0.0005,,,<0.002,<0.0002,<0.0004,<0.01,<0.004,<0.1,<0.0006,<0.001,<0.001,<0.0002,<0.0006,<0.0003,<0.002,<0.001,<0.001,0.14,0.04,0.67,>30.0,<0.1,0.71,<0.005,<0.005,<0.01,<0.1,<0.1,<0.02,,<0.03,,0.16,,,1.7,,31,,11,<0.05,,,,,,,,,,,,,,,,,,,,,,,,,,,,,,,,,,,,,,,,
11001,20210921,持田崎橋,養老川上流,A,1205,流心（中央）,0.2,市原市,晴れ,29.8,21.2,1.5,2.3,0.09,,8.1,9.2,0.7,3.3,2,2.40E+03,,0.9,0.14,,,,,,,,,,,,,,,,,,,,,,,,,,,,,,,>30.0,,,,,,,,,,0.06,,0.13,,,1.9,,25,,9,<0.05,,,,,,,,,,,,,,,,,,,,,,,,,,,,,,,,,,,,,,,,
11001,20211007,持田崎橋,養老川上流,A,955,流心（中央）,0.2,市原市,曇り,26.6,19.6,1.54,2.71,0.11,,8.1,9.4,1.1,3,3,1.10E+02,,1,0.13,,,,,,,,,,,,,,,,,,,,,,,,,,,,,,,>30.0,,,,,,,,,,0.12,,0.12,,,1.6,,26,,9,<0.05,,,,,,,,,,,,,,,,,,,,,,,,,,,,,,,,,,,,,,,,
11001,20211104,持田崎橋,養老川上流,A,1144,流心（中央）,0.2,市原市,晴れ,20.8,14.5,1.5,2,0.07,,8.3,10,<0.5,3.2,<1,3.30E+03,,1,0.17,0.001,,,,<0.0003,<0.1,<0.001,<0.005,0.001,<0.0005,,<0.0005,<0.002,<0.0002,<0.0004,<0.01,<0.004,<0.1,<0.0006,<0.001,<0.001,<0.0002,<0.0006,<0.0003,<0.002,<0.001,<0.001,0.12,0.06,0.86,>30.0,<0.1,0.92,<0.005,<0.005,<0.01,<0.1,<0.1,<0.02,<0.0006,0.08,,0.16,,,1.8,,29,,10,<0.05,<0.002,<0.001,,,,,,<0.004,<0.006,<0.02,<0.0008,<0.0005,<0.0003,<0.004,<0.004,<0.005,<0.0008,<0.0008,<0.003,<0.0008,<0.0001,<0.06,<0.04,<0.006,<0.007,<0.0002,<0.00004,<0.02,<0.0002,,,,,,<0.0006,,,,,
11001,20211220,持田崎橋,養老川上流,A,956,流心（中央）,0.2,市原市,快晴,10.9,5.6,1.48,1.99,0.11,,8,12,0.8,2.6,<1,2.70E+02,,1,0.14,,,,,,,,,,,,,,,,,,,,,,,,,,,,,,,>30.0,,,,,,,,,,0.2,,0.13,,,1.6,,27,,10,<0.05,,,,,,,,,,,,,,,,,,,,,,,,,,,,,,,,,,,,,,,,
11001,20220105,持田崎橋,養老川上流,A,951,流心（中央）,0.2,市原市,快晴,9.5,5.1,1.45,1.13,0.05,,8.1,11,0.8,2.6,<1,3.30E+02,,1.2,0.19,,,,,,,,,,,,,,,,,,,,,,,,,,,,,,,>30.0,,,,,,,,,,0.21,,0.17,,,1.2,,33,,12,<0.05,,,,,,,,,,,,,,,,,,,,,,,,,,,,,,,,,,,,,,,,
11001,20220216,持田崎橋,養老川上流,A,1150,流心（中央）,0.2,市原市,晴れ,11.8,6.7,1.52,1.75,0.09,,8.1,12,1.2,4,2,1.70E+04,,1.4,0.13,0.003,,,,<0.0003,<0.1,<0.001,<0.005,0.001,<0.0005,,,<0.002,<0.0002,<0.0004,<0.01,<0.004,<0.1,<0.0006,<0.001,<0.001,<0.0002,<0.0006,<0.0003,<0.002,<0.001,<0.001,0.1,<0.03,0.73,>30.0,<0.1,0.76,<0.005,<0.005,0.01,0.2,<0.1,<0.02,,0.23,,0.12,,,2.2,,23,,8,<0.05,,,,,,,,,,,,,,,,,,,,,,,,,,,,,,,,,,,,,,,,
11001,20220303,持田崎橋,養老川上流,A,1231,流心（中央）,0.2,市原市,晴れ,18.3,11.7,1.44,1.27,0.06,,8.3,12,0.9,3.1,2,4.60E+02,,1.3,0.23,,,,,,,,,,,,,,,,,,,,,,,,,,,,,,,>30.0,,,,,,,,,,0.23,,0.21,,,1.5,,33,,12,<0.05,,,,,,,,,,,,,,,,,,,,,,,,,,,,,,,,,,,,,,,,
11010,20210427,浅井橋,養老川中流,B,920,流心（中央）,0.2,市原市,晴れ,21.5,17.3,1.75,1.65,0.01,,8.4,10,4.3,7.4,18,3.30E+03,,1.1,0.15,,,,,,,,,,,,,,,,,,,,,,,,,,,,,,,>30.0,,,,,,,,,,<0.03,,0.043,,,3.6,,30,,12,<0.05,,,,,,,,,,,,,,,,,,,,,,,,,,,,,,,,,,,,,,,,
11010,20210513,浅井橋,養老川中流,B,1015,流心（中央）,0.2,市原市,時々雨,18.3,19.1,1.99,0.63,0.01,,8.3,11,3.6,6.9,10,3.30E+03,,0.92,0.13,0.001,,,,<0.0003,<0.1,<0.001,<0.005,0.001,<0.0005,,,<0.002,<0.0002,<0.0004,<0.01,<0.004,<0.1,<0.0006,<0.001,<0.001,<0.0002,<0.0006,<0.0003,<0.002,<0.001,<0.001,0.14,<0.03,0.12,>30.0,<0.1,0.15,<0.005,<0.005,<0.01,<0.1,<0.1,<0.02,,<0.03,,0.059,,,3.2,,31,,13,<0.05,,,,,,,,,,,,,,,,,,,,,,,,,,,,,,,,,,,,,,,,
11010,20210609,浅井橋,養老川中流,B,1113,流心（中央）,0.2,市原市,晴れ,28.9,27.4,2.2,1.78,0.01,,9.2,18,5.3,10,18,1.30E+02,,0.8,0.098,,,,,,,,,,,,,,,,,,,,,,,,,,,,,,,>30.0,,,,,,,,,,<0.03,,0.039,,,5.2,,25,,9,<0.05,,,,,,,,,,,,,,,,,,,,,,,,,,,,,,,,,,,,,,,,
11010,20210729,浅井橋,養老川中流,B,1155,流心（中央）,0.2,市原市,晴れ,35.8,28.3,1.89,5.17,0.05,,8.1,9.3,2.3,6.4,7,7.00E+01,,0.83,0.11,,,,,,,,,,,,,,,,,,,,,,,,,,,,,,,>30.0,,,,,,,,,,<0.03,,0.066,,,3.8,,27,,8,<0.05,,,,,,,,,,,,,,,,,,,,,,,,,,,,,,,,,,,,,,,,
11010,20210827,浅井橋,養老川中流,B,1128,流心（中央）,0.2,市原市,晴れ,35.4,29.7,1.9,5.01,0.04,,8.3,9.3,2,5.3,3,1.40E+02,,0.73,0.099,0.001,,,,<0.0003,<0.1,<0.001,<0.005,0.001,<0.0005,,,<0.002,<0.0002,<0.0004,<0.01,<0.004,<0.1,<0.0006,<0.001,<0.001,<0.0002,<0.0006,<0.0003,<0.002,<0.001,<0.001,0.13,<0.03,0.3,>30.0,<0.1,0.33,<0.005,<0.005,<0.01,0.1,<0.1,<0.02,,<0.03,,0.06,,,3,,27,,9,<0.05,,,,,,,,,,,,,,,,,,,,,,,,,,,,,,,,,,,,,,,,
11010,20210921,浅井橋,養老川中流,B,957,流心（中央）,0.2,市原市,晴れ,27.4,22.8,0.5,6.33,0.37,,8.3,10,2,6.6,13,4.90E+02,,0.88,0.12,,,,,,,,,,,,,,,,,,,,,,,,,,,,,,,>30.0,,,,,,,,,,<0.03,,0.049,,,3.9,,25,,8,<0.05,,,,,,,,,,,,,,,,,,,,,,,,,,,,,,,,,,,,,,,,
11010,20211007,浅井橋,養老川中流,B,1206,流心（中央）,0.14,市原市,曇り,30.8,21.6,0.27,5.86,0.3,,8,8.8,1.7,5.6,14,3.30E+02,,0.93,0.12,,,,,,,,,,,,,,,,,,,,,,,,,,,,,,,>30.0,,,,,,,,,,0.04,,0.095,,,3.2,,21,,7,<0.05,,,,,,,,,,,,,,,,,,,,,,,,,,,,,,,,,,,,,,,,
11010,20211104,浅井橋,養老川中流,B,1045,流心（中央）,0.2,市原市,晴れ,22.9,16.2,0.45,4,0.27,,8.3,10,1.4,5,14,2.40E+04,,0.94,0.12,0.002,,,,<0.0003,<0.1,<0.001,<0.005,0.001,<0.0005,,<0.0005,<0.002,<0.0002,<0.0004,<0.01,<0.004,<0.1,<0.0006,<0.001,<0.001,<0.0002,<0.0006,<0.0003,<0.002,<0.001,<0.001,0.12,<0.03,0.6,>30.0,<0.1,0.63,<0.005,<0.005,<0.01,0.2,<0.1,<0.02,<0.0006,<0.03,,0.1,,,3.1,,28,,9,<0.05,<0.002,<0.001,,,,,,<0.004,<0.006,<0.02,<0.0008,<0.0005,<0.0003,<0.004,<0.004,<0.005,<0.0008,<0.0008,<0.003,<0.0008,<0.0001,<0.06,<0.04,<0.006,<0.007,<0.0002,<0.00004,0.09,0.0002,,,,,,<0.0006,,,,,
11010,20211220,浅井橋,養老川中流,B,1201,流心（中央）,0.2,市原市,快晴,15.8,9.1,0.54,6.27,0.35,,8,11,1.2,3.6,5,7.00E+02,,0.96,0.1,,,,,,,,,,,,,,,,,,,,,,,,,,,,,,,>30.0,,,,,,,,,,0.08,,0.086,,,2,,26,,9,<0.05,,,,,,,,,,,,,,,,,,,,,,,,,,,,,,,,,,,,,,,,
11010,20220105,浅井橋,養老川中流,B,1053,流心（中央）,0.19,市原市,快晴,11.3,5.1,0.38,3.28,0.23,,8.2,13,0.9,3.6,2,4.90E+02,,0.99,0.088,,,,,,,,,,,,,,,,,,,,,,,,,,,,,,,>30.0,,,,,,,,,,0.09,,0.065,,,1.7,,30,,10,<0.05,,,,,,,,,,,,,,,,,,,,,,,,,,,,,,,,,,,,,,,,
11010,20220216,浅井橋,養老川中流,B,943,流心（中央）,0.2,市原市,晴れ,13.4,6.9,0.55,6.74,0.32,,8.5,13,3.6,5.8,11,4.90E+03,,1,0.11,0.002,,,,<0.0003,<0.1,<0.001,<0.005,0.001,<0.0005,,,<0.002,<0.0002,<0.0004,<0.01,<0.004,<0.1,<0.0006,<0.001,<0.001,<0.0002,<0.0006,<0.0003,<0.002,<0.001,<0.001,0.11,<0.03,0.29,>30.0,<0.1,0.32,<0.005,<0.005,0.02,0.3,<0.1,<0.02,,0.05,,0.041,,,2.9,,30,,9,<0.05,,,,,,,,,,,,,,,,,,,,,,,,,,,,,,,,,,,,,,,,
11010,20220303,浅井橋,養老川中流,B,956,流心（中央）,0.17,市原市,晴れ,18.1,11,0.33,2.15,0.19,,8.3,13,3.3,5.5,9,4.90E+03,,0.92,0.11,,,,,,,,,,,,,,,,,,,,,,,,,,,,,,,>30.0,,,,,,,,,,<0.03,,0.052,,,2,,28,,9,0.05,,,,,,,,,,,,,,,,,,,,,,,,,,,,,,,,,,,,,,,,
11020,20210427,養老大橋,養老川下流,C,1058,流心（中央）,0.2,市原市,晴れ,19.9,19.6,0.69,13.6,0.12,,8.4,12,5.2,7.2,13,3.30E+02,,0.82,0.1,,,,,,,,,,,,,,,,,,,,,,,,,,,,,,,28,,,,,,,,,,<0.03,,0.038,,,3.9,,2900,,12000,<0.05,,,,,,,,,,,,,,,,,,,,,,,,,,,,,,,,,,,,,,,,
11020,20210513,養老大橋,養老川下流,C,1135,流心（中央）,0.2,市原市,時々雨,19.8,20.6,0.71,14.4,0.13,,7.9,6.2,1.6,4.1,6,3.30E+03,,0.77,0.1,0.003,<0.00006,<0.0006,,<0.0003,<0.1,<0.001,<0.005,0.001,<0.0005,,,<0.002,<0.0002,<0.0004,<0.01,<0.004,<0.1,<0.0006,<0.001,<0.001,<0.0002,<0.0006,<0.0003,<0.002,<0.001,<0.001,,<0.03,0.13,>30.0,,0.16,<0.005,<0.005,<0.01,<0.1,0.1,<0.02,,0.2,,0.074,,,2.2,,2700,,12000,<0.05,,,,,,,,,,,,,,,,,,,,,,,,,,,,,,,,,,,,,,,,
11020,20210609,養老大橋,養老川下流,C,1014,流心（中央）,0.2,市原市,晴れ,31.4,27.4,1.27,9.35,0.08,,8.1,5.9,1.8,5.7,10,1.40E+03,,0.7,0.15,,,,,,,,,,,,,,,,,,,,,,,,,,,,0.39,,,>30.0,1.2,,,,,,,,,0.07,,0.1,,,3.8,,1400,,7100,<0.05,,,,,,,,,,,,,,,,,,,,,,,,,,,,,,,,,,,,,,,,
11020,20210729,養老大橋,養老川下流,C,1350,流心（中央）,0.2,市原市,晴れ,34.9,30.1,1.26,16.7,0.09,,8.3,10,4.6,6.6,10,7.00E+01,,0.92,0.13,,,,,,,,,,,,,,,,,,,,,,,,,,,,,,,>30.0,,,,,,,,,,<0.03,,0.051,,,3.7,,1800,,8200,0.05,,,,,,,,,,,,,,,,,,,,,,,,,,,,,,,,,,,,,,,,
11020,20210827,養老大橋,養老川下流,C,1317,流心（中央）,0.2,市原市,晴れ,34.9,31.7,2.49,22.7,0.13,,8.1,6.1,2.8,5.7,10,2.20E+02,,0.96,0.1,0.002,,,,<0.0003,<0.1,<0.001,<0.005,0.002,<0.0005,,,<0.002,<0.0002,<0.0004,<0.01,<0.004,<0.1,<0.0006,<0.001,<0.001,<0.0002,<0.0006,<0.0003,<0.002,<0.001,<0.001,0.31,<0.03,0.13,>30.0,1.2,0.16,<0.005,<0.005,<0.01,<0.1,<0.1,<0.02,,0.16,,0.064,,,3.1,,1300,,7400,<0.05,,,,,,,,,,,,,,,,,,,,,,,,,,,,,,,,,,,,,,,,
11020,20210921,養老大橋,養老川下流,C,1053,流心（中央）,0.2,市原市,晴れ,28.3,24.3,0.86,14.1,0.16,,8,7.8,1.5,6.4,14,1.10E+03,,0.77,0.12,,,,,,,,,,,,,,,,,,,,,,,,,,,,,,,>30.0,,,,,,,,,,0.09,,0.081,,,3.4,,790,,2900,<0.05,,,,,,,,,,,,,,,,,,,,,,,,,,,,,,,,,,,,,,,,
11020,20211007,養老大橋,養老川下流,C,1125,流心（中央）,0.2,市原市,曇り,24.8,22.7,1.36,22.4,0.18,,7.9,7.5,1.2,4.8,12,4.90E+01,,1,0.11,,,,,,,,,,,,,,,,,,,,,,,,,,,,0.27,,,>30.0,0.8,,,,,,,,,0.07,,0.039,,,2.7,,1000,,3900,<0.05,,,,,,,,,,,,,,,,,,,,,,,,,,,,,,,,,,,,,,,,
11020,20211104,養老大橋,養老川下流,C,1000,流心（中央）,0.2,市原市,晴れ,19.8,17.8,1.5,19.7,0.19,,8,8.1,1.1,3.8,9,1.10E+03,,1.1,0.1,0.003,<0.00006,0.0008,,<0.0003,<0.1,<0.001,<0.005,0.001,<0.0005,,<0.0005,<0.002,<0.0002,<0.0004,<0.01,<0.004,<0.1,<0.0006,<0.001,<0.001,<0.0002,<0.0006,<0.0003,<0.002,<0.001,<0.001,,<0.03,0.62,>30.0,,0.65,<0.005,<0.005,<0.01,<0.1,<0.1,<0.02,<0.0006,0.07,,0.09,,,2.4,,1800,,8800,<0.05,<0.002,<0.001,,,,,,<0.004,<0.006,<0.02,<0.0008,<0.0005,<0.0003,<0.004,<0.004,<0.005,<0.0008,<0.0008,<0.003,<0.0008,<0.0001,<0.06,<0.04,<0.006,<0.007,<0.0002,<0.00004,0.08,0.0011,,,,,,<0.0006,<0.001,<0.1,<0.00007,<0.002,<0.0003
11020,20211220,養老大橋,養老川下流,C,1117,流心（中央）,0.2,市原市,快晴,15.1,9.4,0.9,19.3,0.11,,7.9,11,0.6,3.9,6,2.70E+03,,1.1,0.1,,,,,,,,,,,,,,,,,,,,,,,,,,,,,,,>30.0,,,,,,,,,,0.08,,0.037,,,2,,570,,2100,<0.05,,,,,,,,,,,,,,,,,,,,,,,,,,,,,,,,,,,,,,,,
11020,20220105,養老大橋,養老川下流,C,1241,流心（中央）,0.2,市原市,快晴,10.6,6.4,3.59,19.2,0.09,,8,12,0.7,2.8,5,1.30E+02,,1.2,0.082,,,,,,,,,,,,,,,,,,,,,,,,,,,,0.26,,,>30.0,0.8,,,,,,,,,0.09,,0.065,,,1.7,,1000,,3800,<0.05,,,,,,,,,,,,,,,,,,,,,,,,,,,,,,,,,,,,,,,,
11020,20220216,養老大橋,養老川下流,C,1028,流心（中央）,0.2,市原市,晴れ,9.4,8.1,0.76,35.6,0.19,,8.4,13,2.3,5.4,14,3.30E+03,,0.99,0.11,0.002,,,,<0.0003,<0.1,<0.001,<0.005,0.001,<0.0005,,,<0.002,<0.0002,<0.0004,<0.01,<0.004,<0.1,<0.0006,<0.001,<0.001,<0.0002,<0.0006,<0.0003,<0.002,<0.001,<0.001,,<0.03,0.37,>30.0,,0.4,<0.005,<0.005,0.01,0.1,<0.1,<0.02,,<0.03,,0.045,,,3.2,,560,,2000,<0.05,,,,,,,,,,,,,,,,,,,,,,,,,,,,,,,,,,,,,,,,
11020,20220303,養老大橋,養老川下流,C,1111,流心（中央）,0.2,市原市,晴れ,13.1,12.6,1.67,12.7,0.11,,8.1,10,2.3,4.2,6,1.30E+03,,0.89,0.073,,,,,,,,,,,,,,,,,,,,,,,,,,,,,,,>30.0,,,,,,,,,,0.1,,0.035,,,2,,2200,,8400,0.06,,,,,,,,,,,,,,,,,,,,,,,,,,,,,,,,,,,,,,,,
11030,20210415,新瀬又橋,村田川,C,954,流心（中央）,0.2,市原市,晴れ,13.8,14.3,1.59,0.78,0.1,,8.2,9.7,0.8,3.3,7,2.40E+03,,1.4,0.06,,,,,,,,,,,,,,,,,,,,,,,,,,,,,,,>30.0,,,,,,,,,,<0.03,,0.032,,,1.5,,23,,9,<0.05,,,,,,,,,,,,,,,,,,,,,,,,,,,,,,,,,,,,,,,,
11030,20210513,新瀬又橋,村田川,C,940,流心（中央）,0.2,市原市,晴れ,17,15.7,1.5,0.7,0.07,,7.9,9.4,1,3.5,5,3.30E+03,,1.6,0.051,0.002,,,,<0.0003,<0.1,<0.001,<0.005,0.001,<0.0005,,,<0.002,<0.0002,<0.0004,<0.01,<0.004,<0.1,<0.0006,<0.001,<0.001,<0.0002,<0.0006,<0.0003,<0.002,<0.001,<0.001,0.08,<0.03,1.5,>30.0,<0.1,1.5,<0.005,<0.005,<0.01,0.1,<0.1,<0.02,,<0.03,,0.039,,,1.1,,28,,11,<0.05,,,,,,,,,,,,,,,,,,,,,,,,,,,,,,,,,,,,,,,,
11030,20210609,新瀬又橋,村田川,C,1140,流心（中央）,0.2,市原市,晴れ,30.1,19.9,1.48,0.69,0.08,,8.2,8.7,<0.5,2.5,7,7.00E+02,,1.4,0.053,,,,,,,,,,,,,,,,,,,,,,,,,,,,,,,>30.0,,,,,,,,,,<0.03,,0.043,,,1.1,,27,,11,<0.05,,,,,,,,,,,,,,,,,,,,,,,,,,,,,,,,,,,,,,,,
11030,20210728,新瀬又橋,村田川,C,1025,流心（中央）,0.2,市原市,晴れ,30,22,1.55,0.7,0.07,,7.8,9.2,1,4.3,11,1.70E+04,,1.2,0.069,,,,,,,,,,,,,,,,,,,,,,,,,,,,,,,>30.0,,,,,,,,,,<0.03,,0.045,,,2.1,,25,,9,<0.05,,,,,,,,,,,,,,,,,,,,,,,,,,,,,,,,,,,,,,,,
11030,20210810,新瀬又橋,村田川,C,1020,流心（中央）,0.2,市原市,晴れ,34,22.5,2.23,0.92,0.07,,8,8.2,0.8,3.4,10,7.00E+03,,1.2,0.065,0.002,,,,<0.0003,<0.1,<0.001,<0.005,0.001,<0.0005,,,<0.002,<0.0002,<0.0004,<0.01,<0.004,<0.1,<0.0006,<0.001,<0.001,<0.0002,<0.0006,<0.0003,<0.002,<0.001,<0.001,0.09,<0.03,1.1,>30.0,<0.1,1.1,<0.005,<0.005,<0.01,0.3,<0.1,<0.02,,0.03,,0.053,,,1.6,,24,,9,<0.05,,,,,,,,,,,,,,,,,,,,,,,,,,,,,,,,,,,,,,,,
11030,20210921,新瀬又橋,村田川,C,1012,流心（中央）,0.2,市原市,晴れ,27,18.9,1.94,0.94,0.07,,8.1,8.9,0.7,2.9,6,1.40E+03,,1.4,0.058,,,,,,,,,,,,,,,,,,,,,,,,,,,,,,,>30.0,,,,,,,,,,0.03,,0.04,,,1.4,,26,,10,<0.05,,,,,,,,,,,,,,,,,,,,,,,,,,,,,,,,,,,,,,,,
11030,20211007,新瀬又橋,村田川,C,955,流心（中央）,0.2,市原市,曇り,22.2,18.3,1.86,0.86,0.08,,8.1,9,0.8,2.7,7,1.30E+03,,1.3,0.053,,,,,,,,,,,,,,,,,,,,,,,,,,,,,,,>30.0,,,,,,,,,,<0.03,,0.05,,,1.1,,26,,10,<0.05,,,,,,,,,,,,,,,,,,,,,,,,,,,,,,,,,,,,,,,,
11030,20211104,新瀬又橋,村田川,C,1212,流心（中央）,0.2,市原市,晴れ,21,15.8,1.79,0.78,0.07,,8.2,9.6,<0.5,2.1,3,1.40E+03,,1.5,0.046,0.001,,,,<0.0003,<0.1,<0.001,<0.005,0.001,<0.0005,,<0.0005,<0.002,<0.0002,<0.0004,<0.01,<0.004,<0.1,<0.0006,<0.001,<0.001,<0.0002,<0.0006,<0.0003,<0.002,<0.001,<0.001,0.09,<0.03,1.4,>30.0,<0.1,1.4,<0.005,<0.005,<0.01,0.4,<0.1,<0.02,,<0.03,,0.04,,,1,,27,,10,<0.05,,,,,,,,,,,,,,,,,,,,,,,,,,,,,,,,,,,,,,,,
11030,20211220,新瀬又橋,村田川,C,946,流心（中央）,0.2,市原市,快晴,6.1,9.2,1.86,0.71,0.07,,8,11,<0.5,1.9,2,7.00E+02,,1.6,0.057,,,,,,,,,,,,,,,,,,,,,,,,,,,,,,,>30.0,,,,,,,,,,<0.03,,0.035,,,0.9,,25,,10,<0.05,,,,,,,,,,,,,,,,,,,,,,,,,,,,,,,,,,,,,,,,
11030,20220118,新瀬又橋,村田川,C,1026,流心（中央）,0.2,市原市,快晴,14.5,8.9,1.56,0.74,0.08,,7.9,11,<0.5,1.4,3,2.30E+02,,1.6,0.039,,,,,,,,,,,,,,,,,,,,,,,,,,,,,,,>30.0,,,,,,,,,,<0.03,,0.031,,,0.7,,25,,11,<0.05,,,,,,,,,,,,,,,,,,,,,,,,,,,,,,,,,,,,,,,,
11030,20220216,新瀬又橋,村田川,C,1154,流心（中央）,0.2,市原市,晴れ,10,10.1,1.64,0.72,0.07,,8.2,11,0.5,2.3,5,1.10E+04,,1.6,0.05,0.002,,,,<0.0003,<0.1,<0.001,<0.005,0.001,<0.0005,,,<0.002,<0.0002,<0.0004,<0.01,<0.004,<0.1,<0.0006,<0.001,<0.001,<0.0002,<0.0006,<0.0003,<0.002,<0.001,<0.001,<0.08,<0.03,1.6,>30.0,<0.1,1.6,<0.005,<0.005,<0.01,0.4,<0.1,<0.02,,0.05,,0.039,,,1.2,,24,,9,<0.05,,,,,,,,,,,,,,,,,,,,,,,,,,,,,,,,,,,,,,,,
11030,20220303,新瀬又橋,村田川,C,1015,流心（中央）,0.2,市原市,晴れ,12.9,11.9,2.21,0.44,0.04,,8.1,9.5,0.6,2.5,10,7.00E+02,,1.7,0.056,,,,,,,,,,,,,,,,,,,,,,,,,,,,,,,>30.0,,,,,,,,,,0.03,,0.049,,,1.1,,25,,9,<0.05,,,,,,,,,,,,,,,,,,,,,,,,,,,,,,,,,,,,,,,,
11041,20210415,江川橋,村田川,C,1042,流心（中央）,0.2,市原市,晴れ,16.5,15.3,0.79,1.6,0.12,,8.2,10,1.3,4.3,15,4.90E+03,,1.5,0.12,,,,,,,,,,,,,,,,,,,,,,,,,,,,,,,>30.0,,,,,,,,,,0.13,,0.087,,,2.2,,28,,17,<0.05,,,,,,,,,,,,,,,,,,,,,,,,,,,,,,,,,,,,,,,,
11041,20210513,江川橋,村田川,C,1030,流心（中央）,0.2,市原市,晴れ,17.1,16.4,0.75,1.67,0.13,,7.9,9.6,1.2,3.6,6,3.30E+04,,1.6,0.082,0.005,,,,<0.0003,<0.1,<0.001,<0.005,0.001,<0.0005,,,<0.002,<0.0002,<0.0004,<0.01,<0.004,<0.1,<0.0006,<0.001,<0.001,<0.0002,<0.0006,<0.0003,<0.002,<0.001,<0.001,0.1,<0.03,1.2,>30.0,<0.1,1.2,<0.005,<0.005,<0.01,0.1,<0.1,<0.02,,0.11,,0.061,,,1.7,,33,,24,<0.05,,,,,,,,,,,,,,,,,,,,,,,,,,,,,,,,,,,,,,,,
11041,20210609,江川橋,村田川,C,1055,流心（中央）,0.2,市原市,晴れ,29.5,21.3,0.73,1.74,0.14,,8.2,9.8,0.6,3.5,8,2.60E+02,,1.3,0.085,,,,,,,,,,,,,,,,,,,,,,,,,,,,,,,>30.0,,,,,,,,,,0.03,,0.066,,,1.6,,33,,23,<0.05,,,,,,,,,,,,,,,,,,,,,,,,,,,,,,,,,,,,,,,,
11041,20210728,江川橋,村田川,C,1108,流心（中央）,0.2,市原市,晴れ,31,23.6,1.24,3.51,0.17,,7.9,8.5,1.5,5.7,11,1.30E+04,,1.2,0.088,,,,,,,,,,,,,,,,,,,,,,,,,,,,,,,>30.0,,,,,,,,,,0.04,,0.06,,,2.8,,26,,13,<0.05,,,,,,,,,,,,,,,,,,,,,,,,,,,,,,,,,,,,,,,,
11041,20210810,江川橋,村田川,C,1117,流心（中央）,0.2,市原市,晴れ,30.9,23.4,0.82,2.74,0.2,,8.1,9.9,0.8,3.5,9,3.30E+03,,1.3,0.077,0.002,,,,<0.0003,<0.1,<0.001,<0.005,0.001,<0.0005,,,<0.002,<0.0002,<0.0004,<0.01,<0.004,<0.1,<0.0006,<0.001,<0.001,<0.0002,<0.0006,<0.0003,<0.002,<0.001,<0.001,0.1,<0.03,1.1,>30.0,<0.1,1.1,<0.005,<0.005,<0.01,0.2,<0.1,<0.02,,0.05,,0.069,,,1.6,,29,,16,<0.05,,,,,,,,,,,,,,,,,,,,,,,,,,,,,,,,,,,,,,,,
11041,20210921,江川橋,村田川,C,1143,流心（中央）,0.2,市原市,晴れ,27.3,19.9,0.74,2.3,0.18,,8.2,9.3,0.8,3,6,2.70E+03,,1.3,0.068,,,,,,,,,,,,,,,,,,,,,,,,,,,,,,,>30.0,,,,,,,,,,0.05,,0.052,,,1.4,,30,,15,<0.05,,,,,,,,,,,,,,,,,,,,,,,,,,,,,,,,,,,,,,,,
11041,20211007,江川橋,村田川,C,1035,流心（中央）,0.2,市原市,曇り,22.8,18.5,0.79,2.53,0.2,,8.2,7.2,0.9,2.8,5,7.90E+03,,1.3,0.065,,,,,,,,,,,,,,,,,,,,,,,,,,,,,,,>30.0,,,,,,,,,,0.04,,0.05,,,1.2,,31,,17,<0.05,,,,,,,,,,,,,,,,,,,,,,,,,,,,,,,,,,,,,,,,
11041,20211104,江川橋,村田川,C,1125,流心（中央）,0.2,市原市,晴れ,20.8,15.2,0.92,2.34,0.18,,8.3,10,<0.5,2.3,2,4.90E+03,,1.4,0.057,0.001,,,,<0.0003,<0.1,<0.001,<0.005,0.001,<0.0005,,<0.0005,<0.002,<0.0002,<0.0004,<0.01,<0.004,<0.1,<0.0006,<0.001,<0.001,<0.0002,<0.0006,<0.0003,<0.002,<0.001,<0.001,0.11,<0.03,1.3,>30.0,<0.1,1.3,<0.005,<0.005,<0.01,0.3,<0.1,<0.02,,0.03,,0.05,,,1.1,,30,,14,<0.05,,,,,,,,,,,,,,,,,,,,,,,,,,,,,,,,,,,,,,,,
11041,20211220,江川橋,村田川,C,1038,流心（中央）,0.2,市原市,快晴,8.5,9.2,1.01,2.39,0.14,,8.1,11,<0.5,2.1,2,3.30E+03,,1.6,0.066,,,,,,,,,,,,,,,,,,,,,,,,,,,,,,,>30.0,,,,,,,,,,0.09,,0.054,,,1.1,,30,,17,<0.05,,,,,,,,,,,,,,,,,,,,,,,,,,,,,,,,,,,,,,,,
11041,20220118,江川橋,村田川,C,1245,流心（中央）,0.2,市原市,快晴,12.4,8.6,1.1,2.54,0.14,,8.2,12,0.5,1.9,3,3.30E+02,,1.5,0.054,,,,,,,,,,,,,,,,,,,,,,,,,,,,,,,>30.0,,,,,,,,,,0.08,,0.045,,,0.8,,32,,22,<0.05,,,,,,,,,,,,,,,,,,,,,,,,,,,,,,,,,,,,,,,,
11041,20220216,江川橋,村田川,C,1004,流心（中央）,0.2,市原市,晴れ,6.9,9,1.03,2.39,0.13,,8.2,12,0.8,2.5,5,1.70E+04,,1.5,0.062,0.002,,,,<0.0003,<0.1,<0.001,<0.005,0.001,<0.0005,,,<0.002,<0.0002,<0.0004,<0.01,<0.004,<0.1,<0.0006,<0.001,<0.001,<0.0002,<0.0006,<0.0003,<0.002,<0.001,<0.001,0.09,<0.03,1.3,>30.0,<0.1,1.3,<0.005,<0.005,<0.01,0.4,<0.1,<0.02,,0.12,,0.046,,,1.3,,28,,14,<0.05,,,,,,,,,,,,,,,,,,,,,,,,,,,,,,,,,,,,,,,,
11041,20220303,江川橋,村田川,C,1152,流心（中央）,0.2,市原市,晴れ,16.2,12.6,0.79,2.06,0.15,,8.2,11,0.6,2.2,6,3.30E+02,,1.7,0.069,,,,,,,,,,,,,,,,,,,,,,,,,,,,,,,>30.0,,,,,,,,,,0.08,,0.059,,,1,,32,,19,<0.05,,,,,,,,,,,,,,,,,,,,,,,,,,,,,,,,,,,,,,,,
11050,20210415,新村田橋,村田川,C,1245,流心（中央）,0.2,市原市,晴れ,26.5,17.6,0.85,3.91,0.2,,8,9.6,1,5.4,17,1.10E+04,,2.7,0.12,,,,,,,,,,,,,,,,,,,,,,,,,,,,0.23,,,>30.0,0.7,,,,,,,,,0.71,,0.075,,,2.4,,880,,3300,<0.05,,,,,,,,,,,,,,,,,,,,,,,,,,,,,,,,,,,,,,,,
11050,20210513,新村田橋,村田川,C,1143,流心（中央）,0.2,市原市,晴れ,17.3,18.1,0.66,4.33,0.25,,7.7,7.3,1.3,4.8,12,4.90E+03,,2.8,0.12,0.006,<0.00006,<0.0006,,<0.0003,<0.1,<0.001,<0.005,0.001,<0.0005,,,<0.002,<0.0002,<0.0004,<0.01,<0.004,<0.1,<0.0006,<0.001,<0.001,<0.0002,<0.0006,<0.0003,<0.002,<0.001,<0.001,,0.11,0.98,>30.0,,1,<0.005,<0.005,<0.01,<0.1,<0.1,<0.02,,1.2,,0.078,,,2,,1700,,6900,<0.05,,,,,,,,,,,,,,,,,,,,,,,,,,,,,,,,,,,,,,,,
11050,20210609,新村田橋,村田川,C,947,流心（中央）,0.2,市原市,晴れ,28.4,24,0.79,3.74,0.18,,8,8,1.1,4.6,11,1.30E+04,,2.6,0.15,,,,,,,,,,,,,,,,,,,,,,,,,,,,,,,>30.0,,,,,,,,,,1.2,,0.1,,,2.6,,1400,,5900,<0.05,,,,,,,,,,,,,,,,,,,,,,,,,,,,,,,,,,,,,,,,
11050,20210728,新村田橋,村田川,C,1315,流心（中央）,0.2,市原市,晴れ,34,25.3,0.83,3.6,0.09,,7.8,7.9,1.2,5.1,6,1.30E+04,,1.7,0.098,,,,,,,,,,,,,,,,,,,,,,,,,,,,0.15,,,>30.0,0.2,,,,,,,,,0.51,,0.067,,,2.9,,390,,1500,<0.05,,,,,,,,,,,,,,,,,,,,,,,,,,,,,,,,,,,,,,,,
11050,20210810,新村田橋,村田川,C,1224,流心（中央）,0.2,市原市,晴れ,32.7,25.5,1.22,4.41,0.18,,7.9,6.4,0.8,2.6,9,7.90E+03,,2.2,0.11,0.003,,,,<0.0003,<0.1,<0.001,<0.005,0.001,<0.0005,,,<0.002,<0.0002,<0.0004,<0.01,<0.004,<0.1,<0.0006,<0.001,<0.001,<0.0002,<0.0006,<0.0003,<0.002,<0.001,<0.001,,0.06,0.84,>30.0,,0.9,<0.005,<0.005,<0.01,<0.1,0.1,<0.02,,0.74,,0.096,,,1.9,,1200,,4500,<0.05,,,,,,,,,,,,,,,,,,,,,,,,,,,,,,,,,,,,,,,,
11050,20210921,新村田橋,村田川,C,1103,流心（中央）,0.2,市原市,晴れ,26.4,22.3,0.92,3.69,0.13,,7.9,7.5,0.9,3.1,6,3.30E+03,,2.1,0.098,,,,,,,,,,,,,,,,,,,,,,,,,,,,,,,>30.0,,,,,,,,,,0.91,,0.072,,,1.8,,1500,,5900,<0.05,,,,,,,,,,,,,,,,,,,,,,,,,,,,,,,,,,,,,,,,
11050,20211007,新村田橋,村田川,C,1125,流心（中央）,0.2,市原市,曇り,22.3,20.6,0.73,3.3,0.11,,8,8.1,0.8,3.1,4,2.70E+02,,2,0.083,,,,,,,,,,,,,,,,,,,,,,,,,,,,,,,>30.0,,,,,,,,,,0.64,,0.065,,,1.6,,1300,,4900,<0.05,,,,,,,,,,,,,,,,,,,,,,,,,,,,,,,,,,,,,,,,
11050,20211104,新村田橋,村田川,C,1023,流心（中央）,0.2,市原市,晴れ,20,17.4,0.95,3.51,0.09,,8.1,8.4,0.6,2.7,2,1.30E+04,,2,0.084,0.003,<0.00006,0.0009,,<0.0003,<0.1,<0.001,<0.005,0.001,<0.0005,,<0.0005,<0.002,<0.0002,<0.0004,<0.01,<0.004,<0.1,<0.0006,<0.001,<0.001,<0.0002,<0.0006,<0.0003,<0.002,<0.001,<0.001,0.24,0.06,1.1,>30.0,0.9,1.2,<0.005,<0.005,<0.01,<0.1,<0.1,<0.02,<0.0006,0.7,,0.071,,,1.4,,1100,,4000,<0.05,<0.002,<0.001,,,,,,<0.004,<0.006,<0.02,<0.0008,<0.0005,<0.0003,<0.004,<0.004,<0.005,<0.0008,<0.0008,<0.003,<0.0008,<0.0001,<0.06,<0.04,<0.006,<0.007,<0.0002,<0.00004,0.09,0.0007,,,,,,<0.0006,<0.001,<0.1,<0.00007,<0.002,<0.0003
11050,20211220,新村田橋,村田川,C,1124,流心（中央）,0.2,市原市,快晴,9.8,10.2,1,4.18,0.08,,7.9,10,<0.5,2.4,2,1.10E+03,,2,0.086,,,,,,,,,,,,,,,,,,,,,,,,,,,,,,,>30.0,,,,,,,,,,0.53,,0.071,,,1.3,,460,,1700,<0.05,,,,,,,,,,,,,,,,,,,,,,,,,,,,,,,,,,,,,,,,
11050,20220118,新村田橋,村田川,C,1114,流心（中央）,0.2,市原市,快晴,14.6,9.4,0.98,1.29,0.03,,7.9,10,<0.5,2.2,2,3.30E+03,,2.6,0.078,,,,,,,,,,,,,,,,,,,,,,,,,,,,0.15,,,>30.0,0.4,,,,,,,,,0.96,,0.058,,,1.3,,580,,2100,<0.05,,,,,,,,,,,,,,,,,,,,,,,,,,,,,,,,,,,,,,,,
11050,20220216,新村田橋,村田川,C,1059,流心（中央）,0.2,市原市,晴れ,8.1,9.6,0.91,6.97,0.15,,8,11,<0.5,2,3,7.90E+03,,2,0.068,0.004,,,,<0.0003,<0.1,<0.001,<0.005,0.001,<0.0005,,,<0.002,<0.0002,<0.0004,<0.01,<0.004,<0.1,<0.0006,<0.001,<0.001,<0.0002,<0.0006,<0.0003,<0.002,<0.001,<0.001,,0.06,1.2,>30.0,,1.3,<0.005,<0.005,<0.01,<0.1,0.1,<0.02,,0.76,,0.055,,,1.6,,620,,2200,<0.05,,,,,,,,,,,,,,,,,,,,,,,,,,,,,,,,,,,,,,,,
11050,20220303,新村田橋,村田川,C,1105,流心（中央）,0.2,市原市,晴れ,13.9,12.1,0.95,6.11,0.15,,8,11,0.7,2.9,3,7.90E+03,,2.4,0.083,,,,,,,,,,,,,,,,,,,,,,,,,,,,,,,>30.0,,,,,,,,,,0.9,,0.063,,,1.5,,940,,5600,0.05,,,,,,,,,,,,,,,,,,,,,,,,,,,,,,,,,,,,,,,,
11060,20210408,都橋,都川,E,840,流心（中央）,0.2,千葉市,晴れ,12,14.3,2.94,5.95,0.14,,7.6,7.6,0.8,3.8,2,,,2,0.095,,,,,,,,,,,,,,,,,,,,,,,,,,,,,,,>30.0,,,,,,,,,,,,,,,,,,,,,,,,,,,,,,,,,,,,,,,,,,,,,,,,,,,,,,,,,,,,
11060,20210519,都橋,都川,E,1019,流心（中央）,0.2,千葉市,雨,18,18.4,3.69,2.72,0.05,,7.8,7,<0.5,3.2,2,,,2.1,0.11,0.004,0.00011,0.008,,<0.0003,<0.1,<0.001,<0.005,0.001,<0.0005,,,<0.002,<0.0002,<0.0004,<0.01,<0.004,<0.1,<0.0006,<0.001,<0.001,<0.0002,<0.0006,<0.0003,<0.002,<0.001,<0.001,0.17,0.06,2,>30.0,0.7,2,<0.005,<0.005,<0.01,0.1,<0.1,<0.02,,0.15,,0.11,,,,,880,,2900,<0.05,,0.005,,,,,,,,,,,,,,,,,,,,,,,<0.007,,,,,,,,,,,,,,,
11060,20210609,都橋,都川,E,800,流心（中央）,0.2,千葉市,晴れ,22.5,21.7,2.92,4.71,0.13,,8,6.8,0.8,3.2,2,1.10E+04,<0.5,2.4,0.1,,,,,,,,,,,,,,,,,,,,,,,,,,,,,,,>30.0,,,<0.005,,,,,,<0.0006,,,,,,,,,,,,,,,,,,,<0.004,<0.006,<0.02,<0.0008,<0.0005,<0.0003,<0.004,<0.004,<0.005,<0.0008,<0.0008,<0.003,<0.0008,<0.0001,<0.06,<0.04,<0.006,,<0.0002,<0.00004,0.09,0.0008,0.0000036,0.0000018,0.0000093,0.0000082,0.000012,<0.0006,<0.001,<0.1,<0.00007,<0.002,<0.0003
11060,20210708,都橋,都川,E,800,流心（中央）,0.2,千葉市,曇り,24.3,21.6,2.86,2.75,0.08,,8,6.1,0.5,2.7,2,,,2.1,0.075,,,,,<0.0003,<0.1,<0.001,<0.005,0.001,<0.0005,,,<0.002,<0.0002,<0.0004,<0.01,<0.004,<0.1,<0.0006,<0.001,<0.001,<0.0002,,,,<0.001,,0.23,0.03,1.7,>30.0,1,1.8,,,,,,,,0.09,,0.063,,,1.5,,1200,,3800,<0.05,<0.002,,,,,,,,,,,,,,,,,,,,,,,,,,,,,,,,,,,,,,,
11060,20210820,都橋,都川,E,810,流心（中央）,0.2,千葉市,晴れ,28.7,24.3,2.27,2.62,0.08,,8,7.5,<0.5,2.9,1,,,2.3,0.069,0.003,0.00011,0.0042,,,,,,,,,<0.0005,,,,,,,,,,,<0.0006,<0.0003,<0.002,,,,,,>30.0,,,,,<0.01,0.1,<0.1,<0.02,,,,,,,,,,,,,,,,,,,,,,,,,,,,,,,,,,,,,,,,,,,,,,,,,,,,
11060,20210929,都橋,都川,E,825,流心（中央）,0.2,千葉市,晴れ,21.5,19.3,3.25,-0.68,<0.00,,8.3,6.1,<0.5,2.4,3,4.60E+03,<0.5,2.8,0.1,,,,,<0.0003,<0.1,<0.001,<0.005,0.001,<0.0005,,,<0.002,<0.0002,<0.0004,<0.01,<0.004,<0.1,<0.0006,<0.001,<0.001,<0.0002,,,,<0.001,<0.001,0.23,<0.03,2,>30.0,1,2,,<0.005,,,,,,0.07,,0.07,,,1.1,,1200,,3900,<0.05,,,,,,,,,,,,,,,,,,,,,,,,,,,,,,,,,,,,,,,,
11060,20211007,都橋,都川,E,800,流心（中央）,0.2,千葉市,曇り,21.1,20,3.26,7.05,0.14,,8,7.9,<0.5,2.8,2,,,2.6,0.067,,,,,,,,,,,,,,,,,,,,,,,,,,,,,,,>30.0,,,,,,,,,,,,,,,,,,,,,,,,,,,,,,,,,,,,,,,,,,,,,,,,,,,,,,,,,,,,
11060,20211125,都橋,都川,E,755,流心（中央）,0.2,千葉市,晴れ,7,11.5,3.48,6.02,0.11,,7.9,9.9,<0.5,2.4,1,,,2.9,0.059,0.003,<0.00006,0.0041,,<0.0003,<0.1,<0.001,<0.005,0.001,<0.0005,,,<0.002,<0.0002,<0.0004,<0.01,<0.004,<0.1,<0.0006,<0.001,<0.001,<0.0002,<0.0006,<0.0003,<0.002,<0.001,,<0.08,<0.03,2.2,>30.0,0.1,2.2,,0.018,<0.01,0.1,<0.1,<0.02,,0.03,,0.058,,,1.1,,180,,440,<0.05,,,,,,,,,,,,,,,,,,,,,,,,,,,,,,,,,,,,,,,,
11060,20211210,都橋,都川,E,800,流心（中央）,0.2,千葉市,晴れ,8.5,10.8,2.9,1.02,0.02,,7.9,10,0.5,2.3,2,1.40E+03,<0.5,2.6,0.046,,,,,,,,,,,,,,,,,,,,,,,,,,,,,,,>30.0,,,<0.005,,,,,,,,,,,,,,,,,,,,,,,,,,,,,,,,,,,,,,,,,,,,,,,,,,,,,,,,,
11060,20220113,都橋,都川,E,805,流心（中央）,0.2,千葉市,晴れ,5.2,7.2,2.88,2.93,0.07,,7.9,10,<0.5,2.3,1,,,3.2,0.056,,,,,<0.0003,<0.1,<0.001,<0.005,0.001,<0.0005,,,<0.002,<0.0002,<0.0004,<0.01,<0.004,<0.1,<0.0006,<0.001,<0.001,<0.0002,,,,<0.001,<0.001,0.09,0.04,2.4,>30.0,0.3,2.4,,,,,,,,0.06,,0.05,,,1,,400,,1000,<0.05,,,,,,,,,,,,,,,,,,,,,,,,,,,,,,,,,,,,,,,,
11060,20220216,都橋,都川,E,750,流心（中央）,0.2,千葉市,晴れ,3.6,7.3,3.08,6.2,0.12,,8,10,1.5,2,2,,,3,0.073,0.004,0.00011,0.0083,,,,,,,,,,,,,,,,,,,,<0.0006,<0.0003,<0.002,,,,,,>30.0,,,,,<0.01,0.1,<0.1,<0.02,,,,,,,,,,,,,,,,,,,,,,,,,,,,,,,,,,,,,,,,,,,,,,,,,,,,
11060,20220310,都橋,都川,E,800,流心（中央）,0.2,千葉市,晴れ,7.5,10,3.14,8.1,0.15,,8,8.9,1,2.5,<1,1.30E+03,<0.5,2.9,0.075,,,,,<0.0003,<0.1,<0.001,<0.005,0.001,<0.0005,,,<0.002,<0.0002,<0.0004,<0.01,<0.004,<0.1,<0.0006,<0.001,<0.001,<0.0002,,,,<0.001,<0.001,0.08,0.03,2.4,>30.0,0.2,2.4,,<0.005,,,,,,<0.03,,0.072,,,1.1,,360,,1000,<0.05,,,,,,,,,,,,,,,,,,,,,,,,,,,,,,,,,,,,,,,,
11071,20210408,日本橋,葭川,E,905,流心（中央）,0.2,千葉市,晴れ,12.2,13.1,2.77,0.66,0.03,,7.8,7.6,1.5,3.5,1,,,3.2,0.071,,,,,,,,,,,,,,,,,,,,,,,,,,,,,,,>30.0,,,,,,,,,,,,,,,,,,,,,,,,,,,,,,,,,,,,,,,,,,,,,,,,,,,,,,,,,,,,
11071,20210519,日本橋,葭川,E,1042,流心（中央）,0.2,千葉市,雨,18.3,18.2,3.1,0.63,0.03,,7.9,7.3,0.9,3.2,1,,,3,0.11,0.008,0.00015,0.0024,,<0.0003,<0.1,<0.001,<0.005,0.001,<0.0005,,,<0.002,<0.0002,<0.0004,<0.01,<0.004,<0.1,<0.0006,<0.001,<0.001,<0.0002,<0.0006,<0.0003,<0.002,<0.001,<0.001,0.1,0.04,3.4,>30.0,0.4,3.4,<0.005,<0.005,<0.01,<0.1,<0.1,<0.02,,0.12,,0.1,,,,,520,,1500,<0.05,,0.005,,,,,,,,,,,,,,,,,,,,,,,<0.007,,,,,,,,,,,,,,,
11071,20210609,日本橋,葭川,E,835,流心（中央）,0.2,千葉市,晴れ,24,20,2.28,0.91,0.05,,8,6.4,0.8,2.6,1,1.30E+04,<0.5,3.8,0.063,,,,,,,,,,,,,,,,,,,,,,,,,,,,,,,>30.0,,,<0.005,,,,,,<0.0006,,,,,,,,,,,,,,,,,,,<0.004,<0.006,<0.02,<0.0008,<0.0005,<0.0003,<0.004,<0.004,<0.005,<0.0008,<0.0008,<0.003,<0.0008,<0.0001,<0.06,<0.04,<0.006,,<0.0002,<0.00004,0.03,0.0005,0.000042,0.000017,0.000015,0.000014,0.000057,<0.0006,<0.001,<0.1,<0.00007,<0.002,<0.0003
11071,20210708,日本橋,葭川,E,830,流心（中央）,0.2,千葉市,曇り,25.3,21.4,2.24,1.52,0.09,,8,7.3,0.5,1.9,<1,,,3.4,0.047,,,,,<0.0003,<0.1,<0.001,<0.005,0.001,<0.0005,,,<0.002,<0.0002,<0.0004,<0.01,<0.004,<0.1,<0.0006,<0.001,<0.001,<0.0002,,,,<0.001,,0.1,<0.03,3.5,>30.0,0.1,3.5,,,,,,,,0.04,,0.041,,,1,,210,,530,<0.05,<0.002,,,,,,,,,,,,,,,,,,,,,,,,,,,,,,,,,,,,,,,
11071,20210820,日本橋,葭川,E,850,流心（中央）,0.2,千葉市,晴れ,29.2,23.4,2.23,0.37,0.02,,8.1,12,0.8,2,<1,,,3.8,0.05,0.007,0.00017,0.007,,,,,,,,,<0.0005,,,,,,,,,,,<0.0006,<0.0003,<0.002,,,,,,>30.0,,,,,<0.01,<0.1,<0.1,<0.02,,,,,,,,,,,,,,,,,,,,,,,,,,,,,,,,,,,,,,,,,,,,,,,,,,,,
11071,20210929,日本橋,葭川,E,850,流心（中央）,0.2,千葉市,晴れ,22.2,19,3.28,1.41,0.06,,8.4,7.9,<0.5,1.7,1,4.60E+03,<0.5,4.8,0.06,,,,,<0.0003,<0.1,<0.001,<0.005,0.001,<0.0005,,,<0.002,<0.0002,<0.0004,<0.01,<0.004,<0.1,<0.0006,<0.001,<0.001,<0.0002,,,,<0.001,<0.001,<0.08,<0.03,3.9,>30.0,0.2,3.9,,<0.005,,,,,,0.03,,0.045,,,0.9,,280,,540,<0.05,,,,,,,,,,,,,,,,,,,,,,,,,,,,,,,,,,,,,,,,
11071,20211007,日本橋,葭川,E,830,流心（中央）,0.2,千葉市,曇り,22.4,19.8,3.04,1.64,0.07,,8,7,1,2.3,1,,,4.1,0.078,,,,,,,,,,,,,,,,,,,,,,,,,,,,,,,>30.0,,,,,,,,,,,,,,,,,,,,,,,,,,,,,,,,,,,,,,,,,,,,,,,,,,,,,,,,,,,,
11071,20211125,日本橋,葭川,E,825,流心（中央）,0.2,千葉市,晴れ,9.2,11.7,3.56,0.97,0.03,,8.1,9.2,0.6,1.6,<1,,,4.6,0.057,0.008,0.00016,0.004,,<0.0003,<0.1,<0.001,<0.005,0.001,<0.0005,,,<0.002,<0.0002,<0.0004,<0.01,<0.004,<0.1,<0.0006,<0.001,<0.001,<0.0002,<0.0006,<0.0003,<0.002,<0.001,,<0.08,<0.03,3.8,>30.0,<0.1,3.8,,0.015,<0.01,<0.1,<0.1,<0.02,,0.25,,0.066,,,0.7,,100,,170,<0.05,,,,,,,,,,,,,,,,,,,,,,,,,,,,,,0.00004,0.000021,0.000016,0.000015,0.000056,,,,,,
11071,20211210,日本橋,葭川,E,830,流心（中央）,0.2,千葉市,晴れ,8.7,11.2,3.28,0.98,0.04,,8.1,9.8,1.9,1.4,<1,2.30E+04,<0.5,4,0.046,,,,,,,,,,,,,,,,,,,,,,,,,,,,,,,>30.0,,,<0.005,,,,,,,,,,,,,,,,,,,,,,,,,,,,,,,,,,,,,,,,,,,,,,,,,,,,,,,,,
11071,20220113,日本橋,葭川,E,830,流心（中央）,0.2,千葉市,晴れ,5.5,6.2,2.96,1.66,0.07,,8,9.5,1,1.6,<1,,,4.5,0.062,,,,,<0.0003,<0.1,<0.001,<0.005,0.001,<0.0005,,,<0.002,<0.0002,<0.0004,<0.01,<0.004,<0.1,<0.0006,<0.001,<0.001,<0.0002,,,,<0.001,<0.001,0.09,0.03,3.9,>30.0,0.2,4,,,,,,,,0.07,,0.058,,,0.8,,340,,890,<0.05,,,,,,,,,,,,,,,,,,,,,,,,,,,,,,,,,,,,,,,,
11071,20220216,日本橋,葭川,E,815,流心（中央）,0.2,千葉市,晴れ,4.3,7.5,3.33,1.66,0.06,,8,9.8,1.3,1.7,<1,,,4.7,0.061,0.012,0.00025,0.0087,,,,,,,,,,,,,,,,,,,,<0.0006,<0.0003,<0.002,,,,,,>30.0,,,,,<0.01,<0.1,<0.1,<0.02,,,,,,,,,,,,,,,,,,,,,,,,,,,,,,,,,,,,,,,,,,,,,,,,,,,,
11071,20220310,日本橋,葭川,E,830,流心（中央）,0.2,千葉市,晴れ,7.7,7.9,3.27,1.29,0.05,,8,8.6,1.2,2.1,<1,2.30E+03,<0.5,4,0.045,,,,,<0.0003,<0.1,<0.001,<0.005,0.001,<0.0005,,,<0.002,<0.0002,<0.0004,<0.01,<0.004,<0.1,<0.0006,<0.001,<0.001,<0.0002,,,,<0.001,<0.001,0.14,0.04,3.6,>30.0,0.4,3.7,,<0.005,,,,,,0.04,,0.03,,,0.9,,530,,1500,<0.05,,,,,,,,,,,,,,,,,,,,,,,,,,,,,,,,,,,,,,,,
11080,20210416,新花見川橋,印旛放水路下流,C,1015,流心（中央）,0.2,千葉市,晴れ,17.7,18.3,2.68,11.6,0.26,,7.7,6.5,1.9,3.9,4,,,2.1,0.11,,,,,,,,,,,,,,,,,,,,,,,,,,,,,,,>30.0,,,,,,,,,,,,,,,,,,,,,,,,,,,,,,,,,,,,,,,,,,,,,,,,,,,,,,,,,,,,
11080,20210506,新花見川橋,印旛放水路下流,C,1040,流心（中央）,0.2,千葉市,曇り,17.8,19.2,3.21,6.31,0.1,,8.2,11,4,6,9,,,2,0.1,0.007,0.00011,0.0071,,<0.0003,<0.1,<0.001,<0.005,<0.001,<0.0005,,,<0.002,<0.0002,<0.0004,<0.01,<0.004,<0.1,<0.0006,<0.001,<0.001,<0.0002,<0.0006,<0.0003,<0.002,<0.001,<0.001,<0.08,0.04,1.6,>30.0,0.2,1.7,,<0.005,<0.01,<0.1,<0.1,<0.02,,<0.03,,0.063,,,2.4,,300,,770,0.05,,0.002,,,,,,,,,,,,,,,,,,,,,,,<0.007,,,,,,,,,,,,,,,
11080,20210616,新花見川橋,印旛放水路下流,C,1040,流心（中央）,0.2,千葉市,曇り,29.8,25.4,3.38,11,0.15,,8.6,8.5,2.3,4.7,4,1.40E+03,<0.5,2.5,0.074,,,,,,,,,,,,,,,,,,,,,,,,,,,,,,,>30.0,,,<0.005,,,,,,<0.0006,,,,,,,,,,,,,,,,,,,<0.004,<0.006,<0.02,<0.0008,<0.0005,<0.0003,<0.004,<0.004,<0.005,<0.0008,<0.0008,<0.003,<0.0008,<0.0001,<0.06,<0.04,<0.006,,<0.0002,<0.00004,0.05,0.001,0.0000073,0.000003,0.0000077,0.0000063,0.000015,<0.0006,<0.001,<0.1,<0.00007,<0.002,<0.0003
11080,20210721,新花見川橋,印旛放水路下流,C,1010,流心（中央）,0.2,千葉市,晴れ,31.5,27.9,2.71,-7.17,<0.00,,8.6,8.6,2.9,5.4,7,,,2.2,0.087,,,,,<0.0003,<0.1,<0.001,<0.005,<0.001,<0.0005,,,<0.002,<0.0002,<0.0004,<0.01,<0.004,<0.1,<0.0006,0.001,<0.001,<0.0002,,,,<0.001,,0.19,0.06,1.7,>30.0,0.6,1.7,,,,,,,,<0.03,,0.035,,,2.3,,790,,2600,<0.05,<0.002,,,,,,,,,,,,,,,,,,,,,,,,,,,,,,,,,,,,,,,
11080,20210805,新花見川橋,印旛放水路下流,C,1010,流心（中央）,0.2,千葉市,晴れ,33.4,29.7,2.84,-6.48,<0.00,,8.7,9.8,3.3,5.4,7,,,2.8,0.09,0.005,0.00006,0.0031,,,,,,,,,<0.0005,,,,,,,,,,,<0.0006,<0.0003,<0.002,,,,,,>30.0,,,,,<0.01,<0.1,<0.1,<0.02,,,,,,,,,,,,,,,,,,,,,,,,,,,,,,,,,,,,,,,,,,,,,,,,,,,,
11080,20210908,新花見川橋,印旛放水路下流,C,1035,流心（中央）,0.2,千葉市,曇り,26.7,23.6,2.95,6.31,0.07,,8.2,3.7,0.9,2.8,2,1.10E+03,<0.5,1.9,0.14,,,,,<0.0003,<0.1,<0.001,<0.005,0.001,<0.0005,,,<0.002,<0.0002,<0.0004,<0.01,<0.004,<0.1,<0.0006,<0.001,<0.001,<0.0002,,,,<0.001,<0.001,0.52,0.04,1.3,>30.0,2.3,1.4,,<0.005,,,,,,0.3,,0.12,,,1.4,,2500,,8200,<0.05,,,,,,,,,,,,,,,,,,,,,,,,,,,,,,,,,,,,,,,,
11080,20211015,新花見川橋,印旛放水路下流,C,1025,流心（中央）,0.2,千葉市,晴れ,22.6,21.3,3.22,-4.88,<0.00,,7.9,5.7,1.7,3.2,3,,,2.4,0.14,,,,,,,,,,,,,,,,,,,,,,,,,,,,,,,>30.0,,,,,,,,,,,,,,,,,,,,,,,,,,,,,,,,,,,,,,,,,,,,,,,,,,,,,,,,,,,,
11080,20211117,新花見川橋,印旛放水路下流,C,1025,流心（中央）,0.2,千葉市,晴れ,16.7,16.2,3.97,-4.17,<0.00,,7.9,6.7,<0.5,2.5,3,,,2.7,0.099,0.007,0.00006,<0.0006,,<0.0003,<0.1,<0.001,<0.005,<0.001,<0.0005,,,<0.002,<0.0002,<0.0004,<0.01,<0.004,<0.1,<0.0006,0.001,<0.001,<0.0002,<0.0006,<0.0003,<0.002,<0.001,,0.38,0.05,1.9,>30.0,1.7,2,,<0.005,<0.01,<0.1,<0.1,<0.02,,0.15,,0.09,,,1.4,,1800,,7700,<0.05,,,,,,,,,,,,,,,,,,,,,,,,,,,,,,,,,,,,,,,,
11080,20211223,新花見川橋,印旛放水路下流,C,955,流心（中央）,0.2,千葉市,晴れ,8.1,9.3,3.61,12.4,0.1,,7.9,8.7,1.4,2.8,2,4.90E+02,<0.5,2.9,0.084,,,,,,,,,,,,,,,,,,,,,,,,,,,,,,,>30.0,,,<0.005,,,,,,,,,,,,,,,,,,,,,,,,,,,,,,,,,,,,,,,,,,,,,,,,,,,,,,,,,
11080,20220106,新花見川橋,印旛放水路下流,C,1015,流心（中央）,0.2,千葉市,曇り,3.7,5.6,3.55,14.9,0.13,,8.1,10,0.8,2.6,2,,,4.5,0.087,,,,,<0.0003,<0.1,<0.001,<0.005,<0.001,<0.0005,,,<0.002,<0.0002,<0.0004,<0.01,<0.004,<0.1,<0.0006,0.002,<0.001,<0.0002,,,,<0.001,<0.001,0.39,0.08,3.3,>30.0,1.7,3.3,,,,,,,,0.15,,0.064,,,1.4,,1800,,6200,<0.05,,,,,,,,,,,,,,,,,,,,,,,,,,,,,,,,,,,,,,,,
11080,20220204,新花見川橋,印旛放水路下流,C,1000,流心（中央）,0.2,千葉市,曇り,6.8,8.2,3.37,18.4,0.16,,8.7,12,2.6,4.5,5,,,4.4,0.077,0.006,0.00012,0.001,,,,,,,,,,,,,,,,,,,,<0.0006,<0.0003,<0.002,,,,,,>30.0,,,,,<0.01,<0.1,<0.1,<0.02,,,,,,,,,,,,,,,,,,,,,,,,,,,,,,,,,,,,,,,,,,,,,,,,,,,,
11080,20220303,新花見川橋,印旛放水路下流,C,1015,流心（中央）,0.2,千葉市,晴れ,14,11.9,2.96,10.8,0.12,,8.6,11,3.1,4.7,6,1.10E+03,<0.5,3.8,0.089,,,,,<0.0003,<0.1,<0.001,<0.005,<0.001,<0.0005,,,<0.002,<0.0002,<0.0004,<0.01,<0.004,<0.1,<0.0006,0.001,<0.001,<0.0002,,,,<0.001,<0.001,0.57,0.1,2.6,>30.0,2,2.7,,<0.005,,,,,,0.07,,0.043,,,1.9,,2100,,8000,<0.05,,,,,,,,,,,,,,,,,,,,,,,,,,,,,,,,,,,,,,,,
11090,20210413,八千代橋,海老川,E,928,流心（中央）,0.316,船橋市,曇り,16.6,16.8,1.58,1.93,0.06,,7.9,8.1,2.6,3.9,4,,,3.4,0.23,0.007,,<0.0006,,,,,,,,,,,,,,,,,,,,,,,,,0.63,0.12,2.6,>30.0,,2.8,,,,,,,,0.35,,0.17,,,2.2,,2700,,11000,0.1,,,,,,,,,,,,,,,,,,,,,,,,,,,,,,,,,,,,,,,,
11090,20210413,八千代橋,海老川,E,1325,流心（中央）,0.3,船橋市,曇り,18.3,17.3,1.52,0,0,,7.9,7.8,1.7,4.1,3,,,5.3,0.29,,,,,,,,,,,,,,,,,,,,,,,,,,,,,,,>30.0,,,,,,,,,,,,,,,2.2,,1800,,6900,,,,,,,,,,,,,,,,,,,,,,,,,,,,,,,,,,,,,,,,,
11090,20210511,八千代橋,海老川,E,932,流心（中央）,0.284,船橋市,曇り,21.7,18.5,1.42,2.42,0.09,,7.8,4.5,1.4,5.3,1,,,6.8,0.32,,,,,,,,,,,,,,,,,,,,,,,,,,,,,0.24,5.2,>30.0,,5.4,,,,,,,,0.5,,0.29,,,2.4,,920,,3900,0.08,,,,,,,,,,,,,,,,,,,,,,,,,,,,,,,,,,,,,,,,
11090,20210511,八千代橋,海老川,E,1240,流心（中央）,0.3,船橋市,曇り,20.1,18.5,1.45,0,0,,7.8,6.6,2.5,5.5,3,,,5.3,0.32,,,,,,,,,,,,,,,,,,,,,,,,,,,,,,,>30.0,,,,,,,,,,,,,,,2.7,,1500,,6200,,,,,,,,,,,,,,,,,,,,,,,,,,,,,,,,,,,,,,,,,
11090,20210603,八千代橋,海老川,E,932,流心（中央）,0.444,船橋市,晴れ,25.6,21.4,2.22,1.03,0.02,,8,7.9,3.2,5.9,6,3.30E+04,,6.2,0.31,,,,,,,,,,,,,,,,,,,,,,,,,,,,,,,>30.0,,,,,,,,,,,,,,,2.3,,640,,2300,,,,,,,,,,,,,,,,,,,,,,,,,,,,,,,,,,,,,,,,,
11090,20210603,八千代橋,海老川,E,1325,流心（中央）,0.43,船橋市,晴れ,27.1,22.5,2.15,3.23,0.08,,8,7.4,1.5,4.4,2,3.50E+05,<0.5,6.8,0.31,0.006,<0.00006,0.0016,,<0.0003,<0.1,<0.001,<0.005,<0.001,<0.0005,,<0.0005,<0.002,<0.0002,<0.0004,<0.01,<0.004,<0.1,<0.0006,<0.001,<0.001,<0.0002,<0.0006,<0.0003,<0.002,<0.001,<0.001,0.09,0.16,5.8,>30.0,0.1,6,<0.005,<0.005,<0.01,<0.1,<0.1,<0.02,<0.0006,0.27,,0.29,,,2.1,,180,,520,0.09,<0.002,<0.001,,,,,,<0.004,<0.006,<0.02,<0.0008,<0.0005,<0.0003,<0.004,<0.004,<0.005,<0.0008,<0.0008,<0.003,<0.0008,<0.0001,<0.06,<0.04,<0.006,<0.007,<0.0002,<0.00004,0.05,0.0002,0.0000032,0.0000024,0.0000064,0.0000054,0.0000097,<0.0006,<0.001,<0.1,<0.00007,<0.002,<0.0003
11090,20210610,八千代橋,海老川,E,1020,流心（中央）,0.2,船橋市,晴れ,24,23.6,1.08,1.23,0.05,,7.9,4.8,1.4,3.6,1,,,5.1,0.32,,,,,,,,,,,,,,,,,,,,,,,,,,,,,,,>30.0,,,,,,,,,,,,,,,,,,,4500,,,,,,,,,,,,,,,,,,,,,,,,,,,,,,,,,,,,,,,,,
11090,20210610,八千代橋,海老川,E,1210,流心（中央）,0.3,船橋市,晴れ,26.6,25.6,1.35,0,0,,8,5.6,1.5,4,3,,,4.9,0.32,,,,,,,,,,,,,,,,,,,,,,,,,,,,,,,>30.0,,,,,,,,,,,,,,,,,,,5700,,,,,,,,,,,,,,,,,,,,,,,,,,,,,,,,,,,,,,,,,
11090,20210610,八千代橋,海老川,E,1416,流心（中央）,0.4,船橋市,晴れ,29.3,27.4,1.88,0,0,,8.2,10,4.1,5.2,8,,,4.5,0.29,,,,,,,,,,,,,,,,,,,,,,,,,,,,,,,>30.0,,,,,,,,,,,,,,,,,,,6600,,,,,,,,,,,,,,,,,,,,,,,,,,,,,,,,,,,,,,,,,
11090,20210610,八千代橋,海老川,E,1615,流心（中央）,0.5,船橋市,晴れ,27.9,26.8,2.54,0,0,,8.3,14,8.7,6.6,11,,,3.8,0.28,,,,,,,,,,,,,,,,,,,,,,,,,,,,,,,27,,,,,,,,,,,,,,,,,,,8300,,,,,,,,,,,,,,,,,,,,,,,,,,,,,,,,,,,,,,,,,
11090,20210610,八千代橋,海老川,E,1815,流心（中央）,0.5,船橋市,晴れ,25.8,25.3,2.58,1.68,0.03,,8.1,9.4,4.3,5.8,12,,,4.5,0.31,,,,,,,,,,,,,,,,,,,,,,,,,,,,,,,>30.0,,,,,,,,,,,,,,,,,,,6700,,,,,,,,,,,,,,,,,,,,,,,,,,,,,,,,,,,,,,,,,
11090,20210610,八千代橋,海老川,E,2015,流心（中央）,0.5,船橋市,晴れ,24.4,23.6,2.55,4.93,0.11,,8.1,8.3,1.4,4.7,2,,,5.6,0.33,,,,,,,,,,,,,,,,,,,,,,,,,,,,,,,>30.0,,,,,,,,,,,,,,,,,,,2600,,,,,,,,,,,,,,,,,,,,,,,,,,,,,,,,,,,,,,,,,
11090,20210610,八千代橋,海老川,E,2215,流心（中央）,0.4,船橋市,晴れ,23.2,23.3,2.19,3.32,0.09,,8.1,8,1.9,4.6,3,,,5.5,0.31,,,,,,,,,,,,,,,,,,,,,,,,,,,,,,,>30.0,,,,,,,,,,,,,,,,,,,3300,,,,,,,,,,,,,,,,,,,,,,,,,,,,,,,,,,,,,,,,,
11090,20210611,八千代橋,海老川,E,12,流心（中央）,0.4,船橋市,晴れ,22.8,22.5,1.89,0.11,0,,8.2,7.7,1.5,4.6,1,,,6.3,0.35,,,,,,,,,,,,,,,,,,,,,,,,,,,,,,,>30.0,,,,,,,,,,,,,,,,,,,1200,,,,,,,,,,,,,,,,,,,,,,,,,,,,,,,,,,,,,,,,,
11090,20210611,八千代橋,海老川,E,212,流心（中央）,0.5,船橋市,晴れ,22.2,22,2.4,0,0,,8.1,7.5,1.8,4.6,1,,,5.9,0.35,,,,,,,,,,,,,,,,,,,,,,,,,,,,,,,>30.0,,,,,,,,,,,,,,,,,,,1500,,,,,,,,,,,,,,,,,,,,,,,,,,,,,,,,,,,,,,,,,
11090,20210611,八千代橋,海老川,E,414,流心（中央）,0.6,船橋市,晴れ,21.8,22.5,2.86,7.44,0.14,,8.1,7.4,1.7,4.4,1,,,5.5,0.33,,,,,,,,,,,,,,,,,,,,,,,,,,,,,,,>30.0,,,,,,,,,,,,,,,,,,,3100,,,,,,,,,,,,,,,,,,,,,,,,,,,,,,,,,,,,,,,,,
11090,20210611,八千代橋,海老川,E,610,流心（中央）,0.6,船橋市,晴れ,23,23.5,2.77,5.01,0.1,,8.2,7.1,3.9,4.9,5,,,4,0.27,,,,,,,,,,,,,,,,,,,,,,,,,,,,,,,>30.0,,,,,,,,,,,,,,,,,,,8000,,,,,,,,,,,,,,,,,,,,,,,,,,,,,,,,,,,,,,,,,
11090,20210611,八千代橋,海老川,E,814,流心（中央）,0.4,船橋市,晴れ,24.3,22.4,1.94,5.96,0.17,,8.1,6.6,1.4,4.5,1,,,6,0.33,,,,,,,,,,,,,,,,,,,,,,,,,,,,,,,>30.0,,,,,,,,,,,,,,,,,,,2200,,,,,,,,,,,,,,,,,,,,,,,,,,,,,,,,,,,,,,,,,
11090,20210611,八千代橋,海老川,E,1015,流心（中央）,0.3,船橋市,晴れ,25,23.4,1.41,1.56,0.06,,8.1,5.8,1.6,4.3,1,,,5.7,0.33,,,,,,,,,,,,,,,,,,,,,,,,,,,,,,,>30.0,,,,,,,,,,,,,,,,,,,3500,,,,,,,,,,,,,,,,,,,,,,,,,,,,,,,,,,,,,,,,,
11090,20210715,八千代橋,海老川,E,935,流心（中央）,0.524,船橋市,晴れ,29.9,24.1,2.62,6.73,0.14,,7.8,6.2,1.1,3.8,1,,,5.8,0.23,,,,,,,,,,,,,,,,,,,,,,,,,,,,,0.15,5.1,>30.0,,5.3,,,,,,,,0.31,,0.21,,,2.1,,530,,1900,0.08,,,,,,,,,,,,,,,,,,,,,,,,,,,,,,,,,,,,,,,,
11090,20210715,八千代橋,海老川,E,1320,流心（中央）,0.3,船橋市,晴れ,30,24.3,1.39,8.04,0.3,,7.9,5.8,1.4,3.8,1,,,5,0.2,,,,,,,,,,,,,,,,,,,,,,,,,,,,,,,>30.0,,,,,,,,,,,,,,,2,,1300,,5200,,,,,,,,,,,,,,,,,,,,,,,,,,,,,,,,,,,,,,,,,
11090,20210805,八千代橋,海老川,E,920,流心（中央）,0.322,船橋市,晴れ,32.1,26.4,1.61,1.04,0.03,,7.8,4.6,0.8,3.4,1,2.20E+04,0.5,7.6,0.29,0.005,<0.00006,<0.0006,,<0.0003,<0.1,<0.001,<0.005,<0.001,<0.0005,,,<0.002,<0.0002,<0.0004,<0.01,<0.004,<0.1,<0.0006,<0.001,<0.001,,,,,,<0.001,0.15,0.17,6,>30.0,,6.2,,<0.005,<0.01,<0.1,<0.1,<0.02,,0.6,,0.27,,,1.9,,530,,1800,0.09,,,,,,,,,,,,,,,,,,,,,,,,,,,,,,,,,,,,,,,,
11090,20210805,八千代橋,海老川,E,1254,流心（中央）,0.476,船橋市,晴れ,34,29.6,2.38,0,0,,7.9,6.7,1.4,3.9,2,3.30E+04,,7,0.32,,,,,,,,,,,,,,,,,,,,,,,,,,,,,,,>30.0,,,,,,,,,,,,,,,2,,800,,2600,,,,,,,,,,,,,,,,,,,,,,,,,,,,,,,,,,,,,,,,,
11090,20210908,八千代橋,海老川,E,918,流心（中央）,0.418,船橋市,晴れ,23.7,20.6,2.09,4.45,0.12,,7.9,6.6,1.3,3.5,1,,,6,0.21,,,,,,,,,,,,,,,,,,,,,,,,,,,,,0.15,5.6,>30.0,,5.7,,,,,,,,0.3,,0.19,,,1.8,,800,,2700,0.1,,,,,,,,,,,,,,,,,,,,,,,,,,,,,,,,,,,,,,,,
11090,20210908,八千代橋,海老川,E,1346,流心（中央）,0.3,船橋市,曇り,25.8,22.6,1.66,0,0,,7.8,4.8,1.6,3.4,3,,,5,0.23,,,,,,,,,,,,,,,,,,,,,,,,,,,,,,,>30.0,,,,,,,,,,,,,,,1.6,,1800,,7100,,,,,,,,,,,,,,,,,,,,,,,,,,,,,,,,,,,,,,,,,
11090,20211005,八千代橋,海老川,E,945,流心（中央）,0.264,船橋市,晴れ,25.6,21.7,1.32,1.42,0.06,,7.7,6.2,1.5,2.9,1,,,5.7,0.18,0.007,,0.0011,,,,,,,,,,,,,,,,,,,,,,,,,0.2,0.12,5.1,>30.0,,5.2,,,,,,,,0.29,,0.15,,,1.8,,800,,2600,0.09,,,,,,,,,,,,,,,,,,,,,,,,,,,,,,,,,,,,,,,,
11090,20211005,八千代橋,海老川,E,1302,流心（中央）,0.368,船橋市,晴れ,29.6,24,1.84,0,0,,7.8,6.4,1.5,3.5,2,,,5.5,0.19,,,,,,,,,,,,,,,,,,,,,,,,,,,,,,,>30.0,,,,,,,,,,,,,,,1.9,,1000,,3800,,,,,,,,,,,,,,,,,,,,,,,,,,,,,,,,,,,,,,,,,
11090,20211117,八千代橋,海老川,E,928,流心（中央）,0.36,船橋市,晴れ,14.6,14.5,1.8,1.98,0.06,,8,7.3,0.8,3.6,1,,,6.7,0.19,,,,,,,,,,,,,,,,,,,,,,,,,,,,,0.14,6.1,>30.0,,6.2,,,,,,,,0.36,,0.17,,,1.6,,970,,3000,0.1,,,,,,,,,,,,,,,,,,,,,,,,,,,,,,,,,,,,,,,,
11090,20211117,八千代橋,海老川,E,1331,流心（中央）,0.518,船橋市,晴れ,18.6,16.2,2.59,0,0,,8,6.6,1.4,4.2,2,,,5.4,0.19,,,,,,,,,,,,,,,,,,,,,,,,,,,,,,,>30.0,,,,,,,,,,,,,,,1.7,,1500,,5400,,,,,,,,,,,,,,,,,,,,,,,,,,,,,,,,,,,,,,,,,
11090,20211125,八千代橋,海老川,E,1010,流心（中央）,0.5,船橋市,快晴,14.1,12.5,2.84,4.51,0.09,,8,8.6,0.9,3.4,2,,,6.6,0.23,,,,,,,,,,,,,,,,,,,,,,,,,,,,,,,>30.0,,,,,,,,,,,,,,,,,,,1300,,,,,,,,,,,,,,,,,,,,,,,,,,,,,,,,,,,,,,,,,
11090,20211125,八千代橋,海老川,E,1210,流心（中央）,0.5,船橋市,快晴,16.8,13,2.53,2.45,0.05,,8.1,8,0.8,3.4,1,,,7.4,0.19,,,,,,,,,,,,,,,,,,,,,,,,,,,,,,,>30.0,,,,,,,,,,,,,,,,,,,990,,,,,,,,,,,,,,,,,,,,,,,,,,,,,,,,,,,,,,,,,
11090,20211125,八千代橋,海老川,E,1409,流心（中央）,0.5,船橋市,快晴,16.9,13.4,2.26,2.05,0.05,,8.1,9,0.6,3.4,1,,,7,0.19,,,,,,,,,,,,,,,,,,,,,,,,,,,,,,,>30.0,,,,,,,,,,,,,,,,,,,810,,,,,,,,,,,,,,,,,,,,,,,,,,,,,,,,,,,,,,,,,
11090,20211125,八千代橋,海老川,E,1610,流心（中央）,0.5,船橋市,快晴,16.9,13.2,2.61,0.93,0.02,,8.1,9,1,3.2,1,,,7.5,0.19,,,,,,,,,,,,,,,,,,,,,,,,,,,,,,,>30.0,,,,,,,,,,,,,,,,,,,960,,,,,,,,,,,,,,,,,,,,,,,,,,,,,,,,,,,,,,,,,
11090,20211125,八千代橋,海老川,E,1815,流心（中央）,0.6,船橋市,快晴,14.9,12.7,2.8,1.03,0.02,,8.1,9.1,1.2,3.3,2,,,6.9,0.2,,,,,,,,,,,,,,,,,,,,,,,,,,,,,,,>30.0,,,,,,,,,,,,,,,,,,,960,,,,,,,,,,,,,,,,,,,,,,,,,,,,,,,,,,,,,,,,,
11090,20211125,八千代橋,海老川,E,2013,流心（中央）,0.5,船橋市,快晴,15.4,12.8,2.74,3.12,0.06,,8.1,9.1,1.3,3.5,1,,,6.9,0.2,,,,,,,,,,,,,,,,,,,,,,,,,,,,,,,>30.0,,,,,,,,,,,,,,,,,,,850,,,,,,,,,,,,,,,,,,,,,,,,,,,,,,,,,,,,,,,,,
11090,20211125,八千代橋,海老川,E,2219,流心（中央）,0.5,船橋市,快晴,13.6,13.4,2.35,2.71,0.06,,8.1,8.5,1.4,3.5,2,,,6.3,0.21,,,,,,,,,,,,,,,,,,,,,,,,,,,,,,,>30.0,,,,,,,,,,,,,,,,,,,1100,,,,,,,,,,,,,,,,,,,,,,,,,,,,,,,,,,,,,,,,,
11090,20211126,八千代橋,海老川,E,13,流心（中央）,0.3,船橋市,快晴,10.8,13.3,1.67,1.59,0.05,,8,7.6,1.3,3.2,1,,,6.9,0.21,,,,,,,,,,,,,,,,,,,,,,,,,,,,,,,>30.0,,,,,,,,,,,,,,,,,,,2200,,,,,,,,,,,,,,,,,,,,,,,,,,,,,,,,,,,,,,,,,
11090,20211126,八千代橋,海老川,E,213,流心（中央）,0.3,船橋市,快晴,9.6,13.4,1.31,0.51,0.02,,8,7.3,1.1,2.5,1,,,6.5,0.19,,,,,,,,,,,,,,,,,,,,,,,,,,,,,,,>30.0,,,,,,,,,,,,,,,,,,,1900,,,,,,,,,,,,,,,,,,,,,,,,,,,,,,,,,,,,,,,,,
11090,20211126,八千代橋,海老川,E,420,流心（中央）,0.3,船橋市,快晴,8.1,11.8,1.67,0.67,0.02,,8,6.9,1.2,2.6,1,,,6,0.19,,,,,,,,,,,,,,,,,,,,,,,,,,,,,,,>30.0,,,,,,,,,,,,,,,,,,,3400,,,,,,,,,,,,,,,,,,,,,,,,,,,,,,,,,,,,,,,,,
11090,20211126,八千代橋,海老川,E,617,流心（中央）,0.4,船橋市,快晴,7.9,12.4,2.01,0,0,,8.1,7.3,1.5,3.1,2,,,5.5,0.23,,,,,,,,,,,,,,,,,,,,,,,,,,,,,,,>30.0,,,,,,,,,,,,,,,,,,,3100,,,,,,,,,,,,,,,,,,,,,,,,,,,,,,,,,,,,,,,,,
11090,20211126,八千代橋,海老川,E,815,流心（中央）,0.5,船橋市,快晴,11.2,11.8,2.35,0,0,,8.1,8.1,1.3,3,1,,,6.7,0.22,,,,,,,,,,,,,,,,,,,,,,,,,,,,,,,>30.0,,,,,,,,,,,,,,,,,,,1900,,,,,,,,,,,,,,,,,,,,,,,,,,,,,,,,,,,,,,,,,
11090,20211126,八千代橋,海老川,E,1010,流心（中央）,0.5,船橋市,快晴,14.4,14.1,2.51,0.18,0,,8.1,7.9,1.6,2.9,2,,,5.2,0.21,,,,,,,,,,,,,,,,,,,,,,,,,,,,,,,>30.0,,,,,,,,,,,,,,,,,,,4600,,,,,,,,,,,,,,,,,,,,,,,,,,,,,,,,,,,,,,,,,
11090,20211206,八千代橋,海老川,E,922,流心（中央）,0.5,船橋市,曇り,10.1,11.7,2.5,4.17,0.09,,7.9,8.3,0.9,3.5,1,1.10E+04,0.5,6.9,0.2,0.007,<0.00006,<0.0006,,<0.0003,<0.1,<0.001,<0.005,<0.001,<0.0005,,,<0.002,<0.0002,<0.0004,<0.01,<0.004,<0.1,<0.0006,<0.001,<0.001,<0.0002,<0.0006,<0.0003,<0.002,<0.001,<0.001,0.17,0.15,5.8,>30.0,0.5,5.9,<0.005,<0.005,<0.01,<0.1,<0.1,<0.02,,0.43,,0.18,,,1.7,,800,,2600,0.11,,,,,,,,,,,,,,,,,,,,,,,,,,,,,,,,,,,,,,,,
11090,20211206,八千代橋,海老川,E,1315,流心（中央）,0.382,船橋市,曇り,12.1,11.8,1.91,0,0,,7.9,8.4,0.8,3.4,1,7.90E+03,,5.2,0.18,,,,,,,,,,,,,,,,,,,,,,,,,,,,,,,>30.0,,,,,,,,,,,,,,,1.6,,740,,2600,,,,,,,,,,,,,,,,,,,,,,,,,,,,,,,,,,,,,,,,,
11090,20220113,八千代橋,海老川,E,0,流心（中央）,0.468,船橋市,晴れ,6.4,7.4,2.34,1.24,0.03,,7.9,8.9,1.9,3.4,<1,,,8.3,0.23,,,,,,,,,,,,,,,,,,,,,,,,,,,,,0.22,6.4,>30.0,,6.6,,,,,,,,0.56,,0.21,,,1.8,,310,,1000,0.11,,,,,,,,,,,,,,,,,,,,,,,,,,,,,,,,,,,,,,,,
11090,20220113,八千代橋,海老川,E,1336,流心（中央）,0.538,船橋市,晴れ,10.1,8.8,2.69,2.09,0.04,,8,9,1.1,3.6,<1,,,8.3,0.2,,,,,,,,,,,,,,,,,,,,,,,,,,,,,,,>30.0,,,,,,,,,,,,,,,1.6,,330,,1100,,,,,,,,,,,,,,,,,,,,,,,,,,,,,,,,,,,,,,,,,
11090,20220207,八千代橋,海老川,E,934,流心（中央）,0.51,船橋市,快晴,4.8,6.6,2.55,3.59,0.07,,7.8,8.9,1.3,3.8,2,1.70E+03,<0.5,6,0.25,0.006,<0.00006,0.0018,,<0.0003,<0.1,<0.001,<0.005,0.001,<0.0005,,,<0.002,<0.0002,<0.0004,<0.01,<0.004,<0.1,<0.0006,<0.001,<0.001,,,,,,<0.001,0.34,0.15,5,>30.0,,5.1,,<0.005,<0.01,<0.1,<0.1,<0.02,,0.6,,0.2,,,2,,1700,,6600,0.11,,,,,,,,,,,,,,,,,,,,,,,,,,,,,,,,,,,,,,,,
11090,20220207,八千代橋,海老川,E,1445,流心（中央）,0.326,船橋市,快晴,10,8.6,1.63,2.39,0.08,,7.8,9.8,0.7,3.5,2,7.90E+02,,5.3,0.22,,,,,,,,,,,,,,,,,,,,,,,,,,,,,,,>30.0,,,,,,,,,,,,,,,1.8,,1600,,6200,,,,,,,,,,,,,,,,,,,,,,,,,,,,,,,,,,,,,,,,,
11090,20220301,八千代橋,海老川,E,924,流心（中央）,0.41,船橋市,晴れ,10.8,10.1,2.05,2.09,0.05,,7.9,7.3,1.7,4.3,3,,,7.9,0.28,,,,,,,,,,,,,,,,,,,,,,,,,,,,,0.2,6.4,>30.0,,6.6,,,,,,,,0.63,,0.25,,,1.9,,700,,2200,0.11,,,,,,,,,,,,,,,,,,,,,,,,,,,,,,,,,,,,,,,,
11090,20220301,八千代橋,海老川,E,1331,流心（中央）,0.504,船橋市,晴れ,15.8,12.4,2.52,0,0,,7.9,7.4,1.8,3.8,2,,,6.1,0.23,,,,,,,,,,,,,,,,,,,,,,,,,,,,,,,>30.0,,,,,,,,,,,,,,,1.9,,1700,,6100,,,,,,,,,,,,,,,,,,,,,,,,,,,,,,,,,,,,,,,,,
